id,label,pred
test-00000,DET,VERB_FORM
test-00001,WORD_ORDER,VERB_FORM
test-00002,DET,DET
test-00003,CORRECT,DET
test-00004,CORRECT,VERB_FORM
test-00005,NOUN_NUM,DET
test-00006,NOUN_NUM,NOUN_NUM
test-00007,VERB_FORM,VERB_FORM
test-00008,PREP,SVA
test-00009,VERB_FORM,VERB_FORM
test-00010,PREP,SVA
test-00011,SVA,SVA
test-00012,VERB_FORM,NOUN_NUM
test-00013,VERB_FORM,SVA
test-00014,WORD_ORDER,DET
test-00015,CORRECT,VERB_FORM
test-00016,PREP,SVA
test-00017,PREP,VERB_FORM
test-00018,VERB_FORM,VERB_FORM
test-00019,NOUN_NUM,VERB_FORM
test-00020,SVA,WORD_ORDER
test-00021,NOUN_NUM,DET
test-00022,DET,DET
test-00023,WORD_ORDER,SVA
test-00024,CORRECT,NOUN_NUM
test-00025,PREP,NOUN_NUM
test-00026,SVA,SVA
test-00027,WORD_ORDER,DET
test-00028,VERB_FORM,NOUN_NUM
test-00029,PREP,PREP
test-00030,WORD_ORDER,WORD_ORDER
test-00031,NOUN_NUM,NOUN_NUM
test-00032,DET,PREP
test-00033,CORRECT,PREP
test-00034,SVA,DET
test-00035,NOUN_NUM,WORD_ORDER
test-00036,WORD_ORDER,DET
test-00037,DET,NOUN_NUM
test-00038,DET,DET
test-00039,PREP,SVA
test-00040,CORRECT,VERB_FORM
test-00041,WORD_ORDER,PREP
test-00042,SVA,SVA
test-00043,CORRECT,NOUN_NUM
test-00044,DET,VERB_FORM
test-00045,DET,WORD_ORDER
test-00046,DET,DET
test-00047,WORD_ORDER,VERB_FORM
test-00048,PREP,WORD_ORDER
test-00049,CORRECT,CORRECT
test-00050,CORRECT,NOUN_NUM
test-00051,WORD_ORDER,VERB_FORM
test-00052,CORRECT,VERB_FORM
test-00053,CORRECT,DET
test-00054,VERB_FORM,VERB_FORM
test-00055,CORRECT,WORD_ORDER
test-00056,PREP,VERB_FORM
test-00057,WORD_ORDER,PREP
test-00058,SVA,SVA
test-00059,VERB_FORM,VERB_FORM
test-00060,SVA,SVA
test-00061,NOUN_NUM,SVA
test-00062,NOUN_NUM,VERB_FORM
test-00063,WORD_ORDER,DET
test-00064,WORD_ORDER,PREP
test-00065,CORRECT,DET
test-00066,CORRECT,DET
test-00067,DET,SVA
test-00068,WORD_ORDER,VERB_FORM
test-00069,CORRECT,DET
test-00070,PREP,WORD_ORDER
test-00071,WORD_ORDER,VERB_FORM
test-00072,NOUN_NUM,DET
test-00073,WORD_ORDER,VERB_FORM
test-00074,SVA,NOUN_NUM
test-00075,CORRECT,VERB_FORM
test-00076,WORD_ORDER,NOUN_NUM
test-00077,CORRECT,VERB_FORM
test-00078,DET,DET
test-00079,VERB_FORM,DET
test-00080,DET,VERB_FORM
test-00081,VERB_FORM,VERB_FORM
test-00082,VERB_FORM,VERB_FORM
test-00083,DET,DET
test-00084,PREP,WORD_ORDER
test-00085,NOUN_NUM,SVA
test-00086,CORRECT,SVA
test-00087,VERB_FORM,VERB_FORM
test-00088,SVA,SVA
test-00089,CORRECT,VERB_FORM
test-00090,CORRECT,CORRECT
test-00091,SVA,NOUN_NUM
test-00092,PREP,NOUN_NUM
test-00093,CORRECT,WORD_ORDER
test-00094,NOUN_NUM,PREP
test-00095,VERB_FORM,WORD_ORDER
test-00096,SVA,VERB_FORM
test-00097,CORRECT,WORD_ORDER
test-00098,WORD_ORDER,CORRECT
test-00099,VERB_FORM,VERB_FORM
test-00100,SVA,WORD_ORDER
test-00101,WORD_ORDER,VERB_FORM
test-00102,DET,WORD_ORDER
test-00103,PREP,DET
test-00104,WORD_ORDER,VERB_FORM
test-00105,WORD_ORDER,SVA
test-00106,DET,PREP
test-00107,DET,DET
test-00108,WORD_ORDER,WORD_ORDER
test-00109,WORD_ORDER,VERB_FORM
test-00110,PREP,CORRECT
test-00111,CORRECT,VERB_FORM
test-00112,SVA,PREP
test-00113,PREP,VERB_FORM
test-00114,PREP,PREP
test-00115,SVA,SVA
test-00116,PREP,CORRECT
test-00117,WORD_ORDER,PREP
test-00118,VERB_FORM,WORD_ORDER
test-00119,CORRECT,VERB_FORM
test-00120,SVA,SVA
test-00121,VERB_FORM,VERB_FORM
test-00122,SVA,NOUN_NUM
test-00123,PREP,VERB_FORM
test-00124,DET,VERB_FORM
test-00125,SVA,VERB_FORM
test-00126,PREP,WORD_ORDER
test-00127,SVA,SVA
test-00128,NOUN_NUM,NOUN_NUM
test-00129,VERB_FORM,VERB_FORM
test-00130,WORD_ORDER,VERB_FORM
test-00131,DET,DET
test-00132,VERB_FORM,NOUN_NUM
test-00133,WORD_ORDER,CORRECT
test-00134,PREP,VERB_FORM
test-00135,PREP,WORD_ORDER
test-00136,SVA,PREP
test-00137,VERB_FORM,VERB_FORM
test-00138,DET,PREP
test-00139,PREP,VERB_FORM
test-00140,VERB_FORM,DET
test-00141,PREP,VERB_FORM
test-00142,DET,VERB_FORM
test-00143,DET,DET
test-00144,CORRECT,SVA
test-00145,DET,CORRECT
test-00146,VERB_FORM,WORD_ORDER
test-00147,WORD_ORDER,DET
test-00148,DET,WORD_ORDER
test-00149,NOUN_NUM,VERB_FORM
test-00150,DET,WORD_ORDER
test-00151,PREP,SVA
test-00152,CORRECT,VERB_FORM
test-00153,SVA,SVA
test-00154,NOUN_NUM,NOUN_NUM
test-00155,NOUN_NUM,VERB_FORM
test-00156,SVA,PREP
test-00157,VERB_FORM,DET
test-00158,VERB_FORM,SVA
test-00159,NOUN_NUM,NOUN_NUM
test-00160,CORRECT,NOUN_NUM
test-00161,PREP,NOUN_NUM
test-00162,DET,VERB_FORM
test-00163,WORD_ORDER,VERB_FORM
test-00164,WORD_ORDER,CORRECT
test-00165,DET,DET
test-00166,VERB_FORM,VERB_FORM
test-00167,WORD_ORDER,VERB_FORM
test-00168,NOUN_NUM,PREP
test-00169,CORRECT,WORD_ORDER
test-00170,CORRECT,WORD_ORDER
test-00171,CORRECT,WORD_ORDER
test-00172,DET,DET
test-00173,PREP,PREP
test-00174,DET,DET
test-00175,PREP,VERB_FORM
test-00176,NOUN_NUM,NOUN_NUM
test-00177,DET,CORRECT
test-00178,DET,DET
test-00179,CORRECT,NOUN_NUM
test-00180,VERB_FORM,VERB_FORM
test-00181,DET,VERB_FORM
test-00182,NOUN_NUM,NOUN_NUM
test-00183,WORD_ORDER,PREP
test-00184,VERB_FORM,VERB_FORM
test-00185,CORRECT,SVA
test-00186,SVA,SVA
test-00187,VERB_FORM,SVA
test-00188,NOUN_NUM,VERB_FORM
test-00189,WORD_ORDER,DET
test-00190,SVA,CORRECT
test-00191,SVA,VERB_FORM
test-00192,PREP,NOUN_NUM
test-00193,DET,DET
test-00194,NOUN_NUM,SVA
test-00195,NOUN_NUM,NOUN_NUM
test-00196,DET,DET
test-00197,VERB_FORM,VERB_FORM
test-00198,NOUN_NUM,WORD_ORDER
test-00199,NOUN_NUM,DET
test-00200,VERB_FORM,VERB_FORM
test-00201,NOUN_NUM,VERB_FORM
test-00202,VERB_FORM,DET
test-00203,WORD_ORDER,CORRECT
test-00204,CORRECT,SVA
test-00205,WORD_ORDER,VERB_FORM
test-00206,NOUN_NUM,DET
test-00207,VERB_FORM,VERB_FORM
test-00208,CORRECT,DET
test-00209,VERB_FORM,CORRECT
test-00210,SVA,DET
test-00211,NOUN_NUM,NOUN_NUM
test-00212,SVA,SVA
test-00213,WORD_ORDER,WORD_ORDER
test-00214,SVA,SVA
test-00215,VERB_FORM,VERB_FORM
test-00216,WORD_ORDER,DET
test-00217,SVA,SVA
test-00218,WORD_ORDER,WORD_ORDER
test-00219,CORRECT,VERB_FORM
test-00220,DET,WORD_ORDER
test-00221,VERB_FORM,VERB_FORM
test-00222,DET,NOUN_NUM
test-00223,NOUN_NUM,VERB_FORM
test-00224,SVA,NOUN_NUM
test-00225,NOUN_NUM,VERB_FORM
test-00226,SVA,SVA
test-00227,NOUN_NUM,NOUN_NUM
test-00228,VERB_FORM,DET
test-00229,CORRECT,WORD_ORDER
test-00230,CORRECT,NOUN_NUM
test-00231,PREP,PREP
test-00232,CORRECT,CORRECT
test-00233,PREP,SVA
test-00234,DET,WORD_ORDER
test-00235,DET,PREP
test-00236,DET,CORRECT
test-00237,NOUN_NUM,WORD_ORDER
test-00238,VERB_FORM,WORD_ORDER
test-00239,NOUN_NUM,CORRECT
test-00240,SVA,VERB_FORM
test-00241,VERB_FORM,VERB_FORM
test-00242,SVA,NOUN_NUM
test-00243,SVA,SVA
test-00244,CORRECT,CORRECT
test-00245,DET,DET
test-00246,NOUN_NUM,NOUN_NUM
test-00247,DET,PREP
test-00248,CORRECT,DET
test-00249,SVA,SVA
test-00250,WORD_ORDER,CORRECT
test-00251,SVA,PREP
test-00252,NOUN_NUM,DET
test-00253,VERB_FORM,WORD_ORDER
test-00254,DET,VERB_FORM
test-00255,PREP,PREP
test-00256,DET,SVA
test-00257,WORD_ORDER,PREP
test-00258,SVA,NOUN_NUM
test-00259,SVA,SVA
test-00260,PREP,VERB_FORM
test-00261,SVA,WORD_ORDER
test-00262,SVA,SVA
test-00263,VERB_FORM,VERB_FORM
test-00264,WORD_ORDER,VERB_FORM
test-00265,SVA,WORD_ORDER
test-00266,PREP,PREP
test-00267,WORD_ORDER,PREP
test-00268,SVA,DET
test-00269,PREP,SVA
test-00270,WORD_ORDER,SVA
test-00271,WORD_ORDER,PREP
test-00272,PREP,DET
test-00273,CORRECT,PREP
test-00274,DET,DET
test-00275,WORD_ORDER,DET
test-00276,DET,DET
test-00277,PREP,WORD_ORDER
test-00278,SVA,SVA
test-00279,VERB_FORM,VERB_FORM
test-00280,CORRECT,VERB_FORM
test-00281,WORD_ORDER,WORD_ORDER
test-00282,WORD_ORDER,PREP
test-00283,PREP,SVA
test-00284,WORD_ORDER,NOUN_NUM
test-00285,DET,DET
test-00286,PREP,SVA
test-00287,VERB_FORM,VERB_FORM
test-00288,NOUN_NUM,NOUN_NUM
test-00289,WORD_ORDER,SVA
test-00290,NOUN_NUM,WORD_ORDER
test-00291,SVA,DET
test-00292,VERB_FORM,VERB_FORM
test-00293,WORD_ORDER,CORRECT
test-00294,SVA,SVA
test-00295,NOUN_NUM,WORD_ORDER
test-00296,WORD_ORDER,PREP
test-00297,PREP,SVA
test-00298,DET,DET
test-00299,DET,DET
test-00300,PREP,PREP
test-00301,NOUN_NUM,NOUN_NUM
test-00302,NOUN_NUM,NOUN_NUM
test-00303,VERB_FORM,DET
test-00304,WORD_ORDER,NOUN_NUM
test-00305,NOUN_NUM,NOUN_NUM
test-00306,WORD_ORDER,PREP
test-00307,VERB_FORM,CORRECT
test-00308,VERB_FORM,VERB_FORM
test-00309,WORD_ORDER,SVA
test-00310,PREP,SVA
test-00311,NOUN_NUM,NOUN_NUM
test-00312,SVA,VERB_FORM
test-00313,CORRECT,VERB_FORM
test-00314,WORD_ORDER,NOUN_NUM
test-00315,PREP,DET
test-00316,VERB_FORM,SVA
test-00317,SVA,CORRECT
test-00318,WORD_ORDER,CORRECT
test-00319,VERB_FORM,WORD_ORDER
test-00320,DET,DET
test-00321,NOUN_NUM,NOUN_NUM
test-00322,SVA,VERB_FORM
test-00323,NOUN_NUM,VERB_FORM
test-00324,DET,DET
test-00325,VERB_FORM,VERB_FORM
test-00326,DET,DET
test-00327,DET,DET
test-00328,CORRECT,DET
test-00329,SVA,VERB_FORM
test-00330,CORRECT,SVA
test-00331,CORRECT,WORD_ORDER
test-00332,CORRECT,WORD_ORDER
test-00333,PREP,VERB_FORM
test-00334,DET,DET
test-00335,PREP,WORD_ORDER
test-00336,PREP,VERB_FORM
test-00337,WORD_ORDER,VERB_FORM
test-00338,DET,DET
test-00339,PREP,PREP
test-00340,CORRECT,VERB_FORM
test-00341,DET,DET
test-00342,VERB_FORM,VERB_FORM
test-00343,VERB_FORM,VERB_FORM
test-00344,SVA,WORD_ORDER
test-00345,WORD_ORDER,PREP
test-00346,WORD_ORDER,DET
test-00347,SVA,PREP
test-00348,VERB_FORM,VERB_FORM
test-00349,VERB_FORM,WORD_ORDER
test-00350,PREP,PREP
test-00351,PREP,CORRECT
test-00352,DET,VERB_FORM
test-00353,CORRECT,VERB_FORM
test-00354,VERB_FORM,NOUN_NUM
test-00355,DET,WORD_ORDER
test-00356,DET,CORRECT
test-00357,PREP,PREP
test-00358,PREP,PREP
test-00359,CORRECT,CORRECT
test-00360,DET,DET
test-00361,PREP,PREP
test-00362,SVA,PREP
test-00363,NOUN_NUM,WORD_ORDER
test-00364,WORD_ORDER,WORD_ORDER
test-00365,WORD_ORDER,VERB_FORM
test-00366,PREP,CORRECT
test-00367,WORD_ORDER,SVA
test-00368,WORD_ORDER,WORD_ORDER
test-00369,VERB_FORM,PREP
test-00370,WORD_ORDER,WORD_ORDER
test-00371,PREP,VERB_FORM
test-00372,PREP,NOUN_NUM
test-00373,CORRECT,DET
test-00374,DET,DET
test-00375,WORD_ORDER,SVA
test-00376,NOUN_NUM,NOUN_NUM
test-00377,WORD_ORDER,PREP
test-00378,SVA,VERB_FORM
test-00379,CORRECT,SVA
test-00380,SVA,CORRECT
test-00381,CORRECT,DET
test-00382,DET,DET
test-00383,VERB_FORM,VERB_FORM
test-00384,CORRECT,VERB_FORM
test-00385,NOUN_NUM,NOUN_NUM
test-00386,PREP,VERB_FORM
test-00387,VERB_FORM,DET
test-00388,SVA,DET
test-00389,WORD_ORDER,SVA
test-00390,CORRECT,VERB_FORM
test-00391,CORRECT,WORD_ORDER
test-00392,NOUN_NUM,DET
test-00393,NOUN_NUM,DET
test-00394,VERB_FORM,PREP
test-00395,WORD_ORDER,NOUN_NUM
test-00396,DET,DET
test-00397,PREP,VERB_FORM
test-00398,NOUN_NUM,DET
test-00399,WORD_ORDER,VERB_FORM
test-00400,CORRECT,SVA
test-00401,NOUN_NUM,NOUN_NUM
test-00402,PREP,NOUN_NUM
test-00403,NOUN_NUM,VERB_FORM
test-00404,DET,WORD_ORDER
test-00405,DET,NOUN_NUM
test-00406,SVA,CORRECT
test-00407,CORRECT,WORD_ORDER
test-00408,DET,DET
test-00409,WORD_ORDER,NOUN_NUM
test-00410,DET,VERB_FORM
test-00411,VERB_FORM,VERB_FORM
test-00412,SVA,WORD_ORDER
test-00413,NOUN_NUM,NOUN_NUM
test-00414,DET,VERB_FORM
test-00415,VERB_FORM,VERB_FORM
test-00416,NOUN_NUM,PREP
test-00417,CORRECT,DET
test-00418,DET,SVA
test-00419,DET,WORD_ORDER
test-00420,DET,CORRECT
test-00421,DET,SVA
test-00422,CORRECT,VERB_FORM
test-00423,SVA,VERB_FORM
test-00424,PREP,VERB_FORM
test-00425,CORRECT,VERB_FORM
test-00426,VERB_FORM,WORD_ORDER
test-00427,VERB_FORM,NOUN_NUM
test-00428,VERB_FORM,VERB_FORM
test-00429,DET,DET
test-00430,PREP,VERB_FORM
test-00431,NOUN_NUM,SVA
test-00432,PREP,NOUN_NUM
test-00433,VERB_FORM,VERB_FORM
test-00434,VERB_FORM,SVA
test-00435,DET,DET
test-00436,CORRECT,PREP
test-00437,PREP,VERB_FORM
test-00438,SVA,CORRECT
test-00439,CORRECT,PREP
test-00440,VERB_FORM,VERB_FORM
test-00441,CORRECT,VERB_FORM
test-00442,CORRECT,SVA
test-00443,VERB_FORM,VERB_FORM
test-00444,NOUN_NUM,NOUN_NUM
test-00445,VERB_FORM,VERB_FORM
test-00446,DET,DET
test-00447,DET,DET
test-00448,VERB_FORM,VERB_FORM
test-00449,DET,DET
test-00450,DET,CORRECT
test-00451,DET,DET
test-00452,DET,PREP
test-00453,PREP,WORD_ORDER
test-00454,PREP,PREP
test-00455,CORRECT,VERB_FORM
test-00456,PREP,DET
test-00457,VERB_FORM,PREP
test-00458,VERB_FORM,CORRECT
test-00459,NOUN_NUM,VERB_FORM
test-00460,PREP,SVA
test-00461,NOUN_NUM,SVA
test-00462,VERB_FORM,VERB_FORM
test-00463,PREP,CORRECT
test-00464,WORD_ORDER,VERB_FORM
test-00465,VERB_FORM,PREP
test-00466,NOUN_NUM,PREP
test-00467,PREP,PREP
test-00468,VERB_FORM,SVA
test-00469,DET,SVA
test-00470,CORRECT,NOUN_NUM
test-00471,SVA,VERB_FORM
test-00472,WORD_ORDER,WORD_ORDER
test-00473,CORRECT,SVA
test-00474,DET,DET
test-00475,DET,PREP
test-00476,VERB_FORM,VERB_FORM
test-00477,DET,WORD_ORDER
test-00478,CORRECT,WORD_ORDER
test-00479,WORD_ORDER,DET
test-00480,VERB_FORM,PREP
test-00481,SVA,WORD_ORDER
test-00482,DET,NOUN_NUM
test-00483,CORRECT,SVA
test-00484,PREP,WORD_ORDER
test-00485,SVA,DET
test-00486,WORD_ORDER,VERB_FORM
test-00487,PREP,SVA
test-00488,VERB_FORM,VERB_FORM
test-00489,DET,PREP
test-00490,NOUN_NUM,WORD_ORDER
test-00491,WORD_ORDER,VERB_FORM
test-00492,SVA,NOUN_NUM
test-00493,CORRECT,VERB_FORM
test-00494,SVA,NOUN_NUM
test-00495,WORD_ORDER,WORD_ORDER
test-00496,WORD_ORDER,VERB_FORM
test-00497,SVA,PREP
test-00498,CORRECT,VERB_FORM
test-00499,VERB_FORM,WORD_ORDER
test-00500,NOUN_NUM,NOUN_NUM
test-00501,NOUN_NUM,WORD_ORDER
test-00502,VERB_FORM,VERB_FORM
test-00503,VERB_FORM,VERB_FORM
test-00504,VERB_FORM,VERB_FORM
test-00505,SVA,WORD_ORDER
test-00506,SVA,DET
test-00507,DET,SVA
test-00508,SVA,VERB_FORM
test-00509,DET,DET
test-00510,VERB_FORM,DET
test-00511,SVA,PREP
test-00512,CORRECT,WORD_ORDER
test-00513,VERB_FORM,NOUN_NUM
test-00514,SVA,VERB_FORM
test-00515,VERB_FORM,NOUN_NUM
test-00516,CORRECT,DET
test-00517,DET,CORRECT
test-00518,DET,DET
test-00519,NOUN_NUM,PREP
test-00520,CORRECT,PREP
test-00521,DET,NOUN_NUM
test-00522,VERB_FORM,VERB_FORM
test-00523,SVA,WORD_ORDER
test-00524,DET,NOUN_NUM
test-00525,CORRECT,DET
test-00526,DET,WORD_ORDER
test-00527,CORRECT,SVA
test-00528,VERB_FORM,VERB_FORM
test-00529,PREP,VERB_FORM
test-00530,SVA,DET
test-00531,NOUN_NUM,NOUN_NUM
test-00532,VERB_FORM,VERB_FORM
test-00533,SVA,VERB_FORM
test-00534,PREP,DET
test-00535,WORD_ORDER,VERB_FORM
test-00536,WORD_ORDER,CORRECT
test-00537,WORD_ORDER,VERB_FORM
test-00538,SVA,NOUN_NUM
test-00539,WORD_ORDER,VERB_FORM
test-00540,VERB_FORM,VERB_FORM
test-00541,NOUN_NUM,WORD_ORDER
test-00542,NOUN_NUM,WORD_ORDER
test-00543,VERB_FORM,PREP
test-00544,PREP,VERB_FORM
test-00545,SVA,SVA
test-00546,NOUN_NUM,DET
test-00547,PREP,VERB_FORM
test-00548,WORD_ORDER,VERB_FORM
test-00549,VERB_FORM,VERB_FORM
test-00550,VERB_FORM,VERB_FORM
test-00551,DET,NOUN_NUM
test-00552,DET,VERB_FORM
test-00553,VERB_FORM,SVA
test-00554,VERB_FORM,DET
test-00555,WORD_ORDER,WORD_ORDER
test-00556,SVA,NOUN_NUM
test-00557,SVA,SVA
test-00558,SVA,SVA
test-00559,DET,WORD_ORDER
test-00560,VERB_FORM,DET
test-00561,DET,VERB_FORM
test-00562,DET,CORRECT
test-00563,NOUN_NUM,SVA
test-00564,NOUN_NUM,VERB_FORM
test-00565,NOUN_NUM,VERB_FORM
test-00566,PREP,VERB_FORM
test-00567,DET,CORRECT
test-00568,DET,NOUN_NUM
test-00569,VERB_FORM,PREP
test-00570,CORRECT,WORD_ORDER
test-00571,WORD_ORDER,WORD_ORDER
test-00572,SVA,SVA
test-00573,WORD_ORDER,SVA
test-00574,CORRECT,NOUN_NUM
test-00575,SVA,SVA
test-00576,CORRECT,CORRECT
test-00577,DET,SVA
test-00578,SVA,VERB_FORM
test-00579,DET,PREP
test-00580,VERB_FORM,WORD_ORDER
test-00581,CORRECT,WORD_ORDER
test-00582,DET,WORD_ORDER
test-00583,NOUN_NUM,DET
test-00584,DET,DET
test-00585,CORRECT,NOUN_NUM
test-00586,CORRECT,DET
test-00587,VERB_FORM,VERB_FORM
test-00588,WORD_ORDER,DET
test-00589,NOUN_NUM,VERB_FORM
test-00590,NOUN_NUM,NOUN_NUM
test-00591,DET,CORRECT
test-00592,CORRECT,WORD_ORDER
test-00593,SVA,PREP
test-00594,CORRECT,DET
test-00595,DET,PREP
test-00596,PREP,PREP
test-00597,WORD_ORDER,VERB_FORM
test-00598,DET,DET
test-00599,WORD_ORDER,CORRECT
test-00600,VERB_FORM,SVA
test-00601,DET,DET
test-00602,WORD_ORDER,CORRECT
test-00603,PREP,VERB_FORM
test-00604,PREP,NOUN_NUM
test-00605,SVA,VERB_FORM
test-00606,PREP,CORRECT
test-00607,PREP,DET
test-00608,SVA,PREP
test-00609,DET,SVA
test-00610,VERB_FORM,WORD_ORDER
test-00611,WORD_ORDER,VERB_FORM
test-00612,CORRECT,CORRECT
test-00613,CORRECT,DET
test-00614,NOUN_NUM,NOUN_NUM
test-00615,WORD_ORDER,VERB_FORM
test-00616,CORRECT,CORRECT
test-00617,VERB_FORM,VERB_FORM
test-00618,CORRECT,VERB_FORM
test-00619,PREP,PREP
test-00620,CORRECT,NOUN_NUM
test-00621,NOUN_NUM,NOUN_NUM
test-00622,VERB_FORM,WORD_ORDER
test-00623,NOUN_NUM,NOUN_NUM
test-00624,PREP,CORRECT
test-00625,DET,DET
test-00626,CORRECT,CORRECT
test-00627,DET,DET
test-00628,NOUN_NUM,VERB_FORM
test-00629,SVA,VERB_FORM
test-00630,PREP,SVA
test-00631,DET,DET
test-00632,SVA,NOUN_NUM
test-00633,DET,DET
test-00634,SVA,VERB_FORM
test-00635,SVA,SVA
test-00636,PREP,CORRECT
test-00637,VERB_FORM,VERB_FORM
test-00638,CORRECT,DET
test-00639,NOUN_NUM,NOUN_NUM
test-00640,WORD_ORDER,PREP
test-00641,VERB_FORM,PREP
test-00642,WORD_ORDER,VERB_FORM
test-00643,DET,VERB_FORM
test-00644,NOUN_NUM,NOUN_NUM
test-00645,VERB_FORM,DET
test-00646,DET,DET
test-00647,SVA,VERB_FORM
test-00648,CORRECT,VERB_FORM
test-00649,SVA,CORRECT
test-00650,PREP,PREP
test-00651,VERB_FORM,VERB_FORM
test-00652,SVA,SVA
test-00653,PREP,WORD_ORDER
test-00654,DET,DET
test-00655,VERB_FORM,CORRECT
test-00656,VERB_FORM,VERB_FORM
test-00657,VERB_FORM,PREP
test-00658,SVA,WORD_ORDER
test-00659,NOUN_NUM,VERB_FORM
test-00660,NOUN_NUM,NOUN_NUM
test-00661,CORRECT,SVA
test-00662,VERB_FORM,DET
test-00663,CORRECT,WORD_ORDER
test-00664,SVA,VERB_FORM
test-00665,CORRECT,SVA
test-00666,PREP,CORRECT
test-00667,PREP,WORD_ORDER
test-00668,PREP,VERB_FORM
test-00669,CORRECT,CORRECT
test-00670,SVA,PREP
test-00671,DET,DET
test-00672,WORD_ORDER,DET
test-00673,SVA,WORD_ORDER
test-00674,PREP,SVA
test-00675,PREP,PREP
test-00676,PREP,PREP
test-00677,VERB_FORM,PREP
test-00678,SVA,VERB_FORM
test-00679,WORD_ORDER,SVA
test-00680,NOUN_NUM,NOUN_NUM
test-00681,NOUN_NUM,NOUN_NUM
test-00682,CORRECT,CORRECT
test-00683,VERB_FORM,VERB_FORM
test-00684,SVA,SVA
test-00685,SVA,SVA
test-00686,NOUN_NUM,SVA
test-00687,DET,DET
test-00688,SVA,WORD_ORDER
test-00689,DET,DET
test-00690,NOUN_NUM,NOUN_NUM
test-00691,PREP,SVA
test-00692,WORD_ORDER,NOUN_NUM
test-00693,VERB_FORM,VERB_FORM
test-00694,VERB_FORM,DET
test-00695,PREP,PREP
test-00696,DET,DET
test-00697,VERB_FORM,DET
test-00698,DET,DET
test-00699,PREP,SVA
test-00700,WORD_ORDER,VERB_FORM
test-00701,SVA,PREP
test-00702,SVA,VERB_FORM
test-00703,DET,DET
test-00704,CORRECT,VERB_FORM
test-00705,WORD_ORDER,PREP
test-00706,NOUN_NUM,WORD_ORDER
test-00707,SVA,SVA
test-00708,VERB_FORM,SVA
test-00709,PREP,WORD_ORDER
test-00710,PREP,SVA
test-00711,CORRECT,CORRECT
test-00712,NOUN_NUM,NOUN_NUM
test-00713,VERB_FORM,VERB_FORM
test-00714,PREP,DET
test-00715,NOUN_NUM,NOUN_NUM
test-00716,NOUN_NUM,VERB_FORM
test-00717,PREP,VERB_FORM
test-00718,PREP,NOUN_NUM
test-00719,DET,DET
test-00720,DET,DET
test-00721,WORD_ORDER,SVA
test-00722,NOUN_NUM,NOUN_NUM
test-00723,PREP,CORRECT
test-00724,SVA,SVA
test-00725,WORD_ORDER,DET
test-00726,SVA,WORD_ORDER
test-00727,SVA,DET
test-00728,VERB_FORM,VERB_FORM
test-00729,CORRECT,DET
test-00730,NOUN_NUM,PREP
test-00731,PREP,NOUN_NUM
test-00732,CORRECT,NOUN_NUM
test-00733,VERB_FORM,SVA
test-00734,NOUN_NUM,SVA
test-00735,NOUN_NUM,WORD_ORDER
test-00736,DET,WORD_ORDER
test-00737,PREP,VERB_FORM
test-00738,PREP,PREP
test-00739,WORD_ORDER,SVA
test-00740,SVA,WORD_ORDER
test-00741,VERB_FORM,SVA
test-00742,SVA,SVA
test-00743,WORD_ORDER,DET
test-00744,PREP,VERB_FORM
test-00745,CORRECT,VERB_FORM
test-00746,NOUN_NUM,CORRECT
test-00747,WORD_ORDER,SVA
test-00748,WORD_ORDER,NOUN_NUM
test-00749,NOUN_NUM,DET
test-00750,NOUN_NUM,DET
test-00751,SVA,SVA
test-00752,PREP,WORD_ORDER
test-00753,VERB_FORM,DET
test-00754,SVA,SVA
test-00755,PREP,PREP
test-00756,DET,DET
test-00757,SVA,NOUN_NUM
test-00758,CORRECT,VERB_FORM
test-00759,NOUN_NUM,NOUN_NUM
test-00760,WORD_ORDER,WORD_ORDER
test-00761,DET,DET
test-00762,SVA,SVA
test-00763,CORRECT,WORD_ORDER
test-00764,DET,NOUN_NUM
test-00765,DET,VERB_FORM
test-00766,SVA,CORRECT
test-00767,CORRECT,WORD_ORDER
test-00768,VERB_FORM,VERB_FORM
test-00769,NOUN_NUM,DET
test-00770,SVA,WORD_ORDER
test-00771,VERB_FORM,VERB_FORM
test-00772,WORD_ORDER,VERB_FORM
test-00773,CORRECT,SVA
test-00774,NOUN_NUM,NOUN_NUM
test-00775,WORD_ORDER,NOUN_NUM
test-00776,PREP,VERB_FORM
test-00777,WORD_ORDER,VERB_FORM
test-00778,VERB_FORM,CORRECT
test-00779,DET,VERB_FORM
test-00780,DET,WORD_ORDER
test-00781,PREP,SVA
test-00782,SVA,SVA
test-00783,VERB_FORM,VERB_FORM
test-00784,NOUN_NUM,PREP
test-00785,SVA,SVA
test-00786,SVA,WORD_ORDER
test-00787,PREP,VERB_FORM
test-00788,SVA,SVA
test-00789,CORRECT,SVA
test-00790,WORD_ORDER,SVA
test-00791,NOUN_NUM,PREP
test-00792,WORD_ORDER,SVA
test-00793,NOUN_NUM,WORD_ORDER
test-00794,DET,VERB_FORM
test-00795,SVA,WORD_ORDER
test-00796,DET,WORD_ORDER
test-00797,CORRECT,VERB_FORM
test-00798,VERB_FORM,VERB_FORM
test-00799,VERB_FORM,SVA
test-00800,WORD_ORDER,WORD_ORDER
test-00801,DET,DET
test-00802,PREP,NOUN_NUM
test-00803,WORD_ORDER,DET
test-00804,CORRECT,PREP
test-00805,WORD_ORDER,PREP
test-00806,NOUN_NUM,SVA
test-00807,NOUN_NUM,NOUN_NUM
test-00808,DET,VERB_FORM
test-00809,CORRECT,VERB_FORM
test-00810,WORD_ORDER,SVA
test-00811,PREP,VERB_FORM
test-00812,PREP,SVA
test-00813,CORRECT,WORD_ORDER
test-00814,SVA,NOUN_NUM
test-00815,DET,NOUN_NUM
test-00816,DET,DET
test-00817,PREP,NOUN_NUM
test-00818,VERB_FORM,VERB_FORM
test-00819,CORRECT,WORD_ORDER
test-00820,VERB_FORM,VERB_FORM
test-00821,CORRECT,WORD_ORDER
test-00822,VERB_FORM,VERB_FORM
test-00823,SVA,SVA
test-00824,PREP,VERB_FORM
test-00825,NOUN_NUM,NOUN_NUM
test-00826,SVA,DET
test-00827,WORD_ORDER,NOUN_NUM
test-00828,PREP,DET
test-00829,VERB_FORM,VERB_FORM
test-00830,PREP,SVA
test-00831,WORD_ORDER,SVA
test-00832,SVA,PREP
test-00833,VERB_FORM,PREP
test-00834,DET,DET
test-00835,WORD_ORDER,PREP
test-00836,DET,SVA
test-00837,NOUN_NUM,NOUN_NUM
test-00838,SVA,WORD_ORDER
test-00839,PREP,NOUN_NUM
test-00840,NOUN_NUM,CORRECT
test-00841,PREP,VERB_FORM
test-00842,DET,DET
test-00843,PREP,DET
test-00844,CORRECT,VERB_FORM
test-00845,VERB_FORM,PREP
test-00846,NOUN_NUM,SVA
test-00847,PREP,PREP
test-00848,CORRECT,CORRECT
test-00849,VERB_FORM,VERB_FORM
test-00850,WORD_ORDER,SVA
test-00851,DET,DET
test-00852,NOUN_NUM,CORRECT
test-00853,PREP,SVA
test-00854,WORD_ORDER,WORD_ORDER
test-00855,CORRECT,SVA
test-00856,VERB_FORM,NOUN_NUM
test-00857,NOUN_NUM,NOUN_NUM
test-00858,PREP,NOUN_NUM
test-00859,NOUN_NUM,NOUN_NUM
test-00860,CORRECT,VERB_FORM
test-00861,CORRECT,VERB_FORM
test-00862,WORD_ORDER,SVA
test-00863,VERB_FORM,DET
test-00864,PREP,SVA
test-00865,CORRECT,VERB_FORM
test-00866,PREP,WORD_ORDER
test-00867,DET,DET
test-00868,NOUN_NUM,NOUN_NUM
test-00869,VERB_FORM,NOUN_NUM
test-00870,CORRECT,CORRECT
test-00871,DET,DET
test-00872,SVA,VERB_FORM
test-00873,CORRECT,WORD_ORDER
test-00874,WORD_ORDER,PREP
test-00875,DET,DET
test-00876,VERB_FORM,CORRECT
test-00877,PREP,VERB_FORM
test-00878,NOUN_NUM,VERB_FORM
test-00879,CORRECT,SVA
test-00880,PREP,VERB_FORM
test-00881,NOUN_NUM,PREP
test-00882,WORD_ORDER,VERB_FORM
test-00883,CORRECT,VERB_FORM
test-00884,PREP,VERB_FORM
test-00885,WORD_ORDER,VERB_FORM
test-00886,SVA,SVA
test-00887,DET,VERB_FORM
test-00888,DET,DET
test-00889,SVA,SVA
test-00890,NOUN_NUM,DET
test-00891,PREP,NOUN_NUM
test-00892,SVA,SVA
test-00893,DET,PREP
test-00894,NOUN_NUM,NOUN_NUM
test-00895,CORRECT,VERB_FORM
test-00896,VERB_FORM,VERB_FORM
test-00897,DET,CORRECT
test-00898,CORRECT,VERB_FORM
test-00899,WORD_ORDER,WORD_ORDER
test-00900,CORRECT,PREP
test-00901,DET,PREP
test-00902,NOUN_NUM,NOUN_NUM
test-00903,CORRECT,CORRECT
test-00904,SVA,WORD_ORDER
test-00905,WORD_ORDER,WORD_ORDER
test-00906,SVA,SVA
test-00907,VERB_FORM,VERB_FORM
test-00908,SVA,VERB_FORM
test-00909,VERB_FORM,DET
test-00910,NOUN_NUM,NOUN_NUM
test-00911,DET,DET
test-00912,WORD_ORDER,PREP
test-00913,CORRECT,NOUN_NUM
test-00914,WORD_ORDER,CORRECT
test-00915,WORD_ORDER,VERB_FORM
test-00916,WORD_ORDER,SVA
test-00917,CORRECT,DET
test-00918,SVA,VERB_FORM
test-00919,SVA,CORRECT
test-00920,VERB_FORM,VERB_FORM
test-00921,DET,NOUN_NUM
test-00922,DET,DET
test-00923,VERB_FORM,VERB_FORM
test-00924,WORD_ORDER,WORD_ORDER
test-00925,PREP,CORRECT
test-00926,VERB_FORM,PREP
test-00927,DET,PREP
test-00928,VERB_FORM,NOUN_NUM
test-00929,VERB_FORM,VERB_FORM
test-00930,DET,WORD_ORDER
test-00931,VERB_FORM,PREP
test-00932,CORRECT,WORD_ORDER
test-00933,PREP,SVA
test-00934,NOUN_NUM,NOUN_NUM
test-00935,PREP,CORRECT
test-00936,VERB_FORM,NOUN_NUM
test-00937,DET,SVA
test-00938,DET,VERB_FORM
test-00939,WORD_ORDER,WORD_ORDER
test-00940,CORRECT,SVA
test-00941,DET,VERB_FORM
test-00942,DET,CORRECT
test-00943,NOUN_NUM,NOUN_NUM
test-00944,PREP,SVA
test-00945,WORD_ORDER,SVA
test-00946,DET,SVA
test-00947,DET,SVA
test-00948,PREP,VERB_FORM
test-00949,VERB_FORM,SVA
test-00950,NOUN_NUM,SVA
test-00951,CORRECT,VERB_FORM
test-00952,VERB_FORM,NOUN_NUM
test-00953,NOUN_NUM,VERB_FORM
test-00954,PREP,VERB_FORM
test-00955,VERB_FORM,WORD_ORDER
test-00956,VERB_FORM,PREP
test-00957,NOUN_NUM,WORD_ORDER
test-00958,VERB_FORM,VERB_FORM
test-00959,WORD_ORDER,DET
test-00960,NOUN_NUM,NOUN_NUM
test-00961,PREP,NOUN_NUM
test-00962,CORRECT,PREP
test-00963,VERB_FORM,VERB_FORM
test-00964,DET,DET
test-00965,SVA,SVA
test-00966,SVA,NOUN_NUM
test-00967,NOUN_NUM,WORD_ORDER
test-00968,DET,SVA
test-00969,NOUN_NUM,CORRECT
test-00970,SVA,WORD_ORDER
test-00971,CORRECT,WORD_ORDER
test-00972,CORRECT,DET
test-00973,NOUN_NUM,WORD_ORDER
test-00974,WORD_ORDER,CORRECT
test-00975,NOUN_NUM,CORRECT
test-00976,SVA,DET
test-00977,WORD_ORDER,NOUN_NUM
test-00978,DET,SVA
test-00979,WORD_ORDER,DET
test-00980,NOUN_NUM,DET
test-00981,VERB_FORM,VERB_FORM
test-00982,PREP,SVA
test-00983,PREP,SVA
test-00984,CORRECT,VERB_FORM
test-00985,WORD_ORDER,WORD_ORDER
test-00986,WORD_ORDER,SVA
test-00987,CORRECT,NOUN_NUM
test-00988,VERB_FORM,CORRECT
test-00989,SVA,NOUN_NUM
test-00990,PREP,VERB_FORM
test-00991,VERB_FORM,VERB_FORM
test-00992,PREP,VERB_FORM
test-00993,PREP,VERB_FORM
test-00994,VERB_FORM,WORD_ORDER
test-00995,NOUN_NUM,PREP
test-00996,SVA,SVA
test-00997,PREP,VERB_FORM
test-00998,WORD_ORDER,WORD_ORDER
test-00999,NOUN_NUM,CORRECT
test-01000,VERB_FORM,WORD_ORDER
test-01001,CORRECT,PREP
test-01002,WORD_ORDER,PREP
test-01003,SVA,SVA
test-01004,CORRECT,VERB_FORM
test-01005,NOUN_NUM,NOUN_NUM
test-01006,VERB_FORM,VERB_FORM
test-01007,CORRECT,SVA
test-01008,PREP,WORD_ORDER
test-01009,NOUN_NUM,VERB_FORM
test-01010,NOUN_NUM,CORRECT
test-01011,SVA,VERB_FORM
test-01012,DET,SVA
test-01013,CORRECT,DET
test-01014,SVA,WORD_ORDER
test-01015,NOUN_NUM,NOUN_NUM
test-01016,DET,VERB_FORM
test-01017,SVA,PREP
test-01018,WORD_ORDER,VERB_FORM
test-01019,SVA,CORRECT
test-01020,WORD_ORDER,WORD_ORDER
test-01021,SVA,SVA
test-01022,CORRECT,DET
test-01023,NOUN_NUM,NOUN_NUM
test-01024,SVA,VERB_FORM
test-01025,CORRECT,WORD_ORDER
test-01026,WORD_ORDER,SVA
test-01027,SVA,VERB_FORM
test-01028,PREP,PREP
test-01029,NOUN_NUM,NOUN_NUM
test-01030,DET,NOUN_NUM
test-01031,DET,DET
test-01032,CORRECT,SVA
test-01033,WORD_ORDER,DET
test-01034,PREP,SVA
test-01035,SVA,SVA
test-01036,WORD_ORDER,VERB_FORM
test-01037,DET,PREP
test-01038,CORRECT,DET
test-01039,DET,DET
test-01040,PREP,CORRECT
test-01041,DET,VERB_FORM
test-01042,WORD_ORDER,WORD_ORDER
test-01043,DET,DET
test-01044,DET,DET
test-01045,DET,CORRECT
test-01046,WORD_ORDER,CORRECT
test-01047,VERB_FORM,VERB_FORM
test-01048,NOUN_NUM,PREP
test-01049,WORD_ORDER,NOUN_NUM
test-01050,PREP,VERB_FORM
test-01051,WORD_ORDER,WORD_ORDER
test-01052,NOUN_NUM,PREP
test-01053,VERB_FORM,VERB_FORM
test-01054,CORRECT,DET
test-01055,VERB_FORM,VERB_FORM
test-01056,WORD_ORDER,SVA
test-01057,DET,WORD_ORDER
test-01058,NOUN_NUM,DET
test-01059,NOUN_NUM,NOUN_NUM
test-01060,CORRECT,VERB_FORM
test-01061,DET,DET
test-01062,CORRECT,VERB_FORM
test-01063,WORD_ORDER,VERB_FORM
test-01064,CORRECT,DET
test-01065,PREP,PREP
test-01066,PREP,WORD_ORDER
test-01067,SVA,DET
test-01068,VERB_FORM,VERB_FORM
test-01069,NOUN_NUM,VERB_FORM
test-01070,WORD_ORDER,PREP
test-01071,CORRECT,CORRECT
test-01072,WORD_ORDER,CORRECT
test-01073,PREP,WORD_ORDER
test-01074,VERB_FORM,VERB_FORM
test-01075,SVA,SVA
test-01076,DET,NOUN_NUM
test-01077,DET,DET
test-01078,SVA,WORD_ORDER
test-01079,WORD_ORDER,WORD_ORDER
test-01080,PREP,VERB_FORM
test-01081,NOUN_NUM,CORRECT
test-01082,SVA,SVA
test-01083,DET,DET
test-01084,VERB_FORM,PREP
test-01085,CORRECT,VERB_FORM
test-01086,NOUN_NUM,NOUN_NUM
test-01087,CORRECT,VERB_FORM
test-01088,CORRECT,PREP
test-01089,SVA,PREP
test-01090,VERB_FORM,VERB_FORM
test-01091,NOUN_NUM,NOUN_NUM
test-01092,CORRECT,PREP
test-01093,NOUN_NUM,PREP
test-01094,CORRECT,VERB_FORM
test-01095,DET,DET
test-01096,VERB_FORM,VERB_FORM
test-01097,SVA,DET
test-01098,VERB_FORM,SVA
test-01099,DET,VERB_FORM
test-01100,CORRECT,WORD_ORDER
test-01101,WORD_ORDER,SVA
test-01102,DET,NOUN_NUM
test-01103,CORRECT,DET
test-01104,NOUN_NUM,WORD_ORDER
test-01105,WORD_ORDER,WORD_ORDER
test-01106,DET,WORD_ORDER
test-01107,SVA,SVA
test-01108,PREP,WORD_ORDER
test-01109,NOUN_NUM,DET
test-01110,NOUN_NUM,NOUN_NUM
test-01111,CORRECT,PREP
test-01112,DET,DET
test-01113,PREP,WORD_ORDER
test-01114,DET,NOUN_NUM
test-01115,SVA,SVA
test-01116,VERB_FORM,VERB_FORM
test-01117,WORD_ORDER,VERB_FORM
test-01118,CORRECT,SVA
test-01119,SVA,PREP
test-01120,DET,NOUN_NUM
test-01121,CORRECT,SVA
test-01122,VERB_FORM,DET
test-01123,DET,VERB_FORM
test-01124,CORRECT,SVA
test-01125,PREP,DET
test-01126,DET,PREP
test-01127,CORRECT,VERB_FORM
test-01128,NOUN_NUM,PREP
test-01129,SVA,SVA
test-01130,SVA,SVA
test-01131,PREP,WORD_ORDER
test-01132,NOUN_NUM,DET
test-01133,VERB_FORM,PREP
test-01134,SVA,SVA
test-01135,CORRECT,SVA
test-01136,NOUN_NUM,NOUN_NUM
test-01137,WORD_ORDER,NOUN_NUM
test-01138,DET,DET
test-01139,NOUN_NUM,VERB_FORM
test-01140,VERB_FORM,VERB_FORM
test-01141,DET,DET
test-01142,DET,DET
test-01143,WORD_ORDER,WORD_ORDER
test-01144,NOUN_NUM,NOUN_NUM
test-01145,SVA,VERB_FORM
test-01146,VERB_FORM,WORD_ORDER
test-01147,CORRECT,PREP
test-01148,SVA,SVA
test-01149,SVA,PREP
test-01150,VERB_FORM,NOUN_NUM
test-01151,CORRECT,DET
test-01152,CORRECT,DET
test-01153,CORRECT,VERB_FORM
test-01154,DET,SVA
test-01155,NOUN_NUM,WORD_ORDER
test-01156,SVA,WORD_ORDER
test-01157,CORRECT,PREP
test-01158,SVA,SVA
test-01159,WORD_ORDER,DET
test-01160,PREP,SVA
test-01161,WORD_ORDER,VERB_FORM
test-01162,WORD_ORDER,NOUN_NUM
test-01163,SVA,NOUN_NUM
test-01164,SVA,VERB_FORM
test-01165,DET,DET
test-01166,VERB_FORM,DET
test-01167,WORD_ORDER,DET
test-01168,PREP,VERB_FORM
test-01169,PREP,DET
test-01170,SVA,SVA
test-01171,SVA,SVA
test-01172,PREP,NOUN_NUM
test-01173,NOUN_NUM,DET
test-01174,DET,WORD_ORDER
test-01175,CORRECT,SVA
test-01176,CORRECT,DET
test-01177,WORD_ORDER,WORD_ORDER
test-01178,DET,DET
test-01179,WORD_ORDER,WORD_ORDER
test-01180,CORRECT,VERB_FORM
test-01181,NOUN_NUM,PREP
test-01182,DET,DET
test-01183,NOUN_NUM,PREP
test-01184,NOUN_NUM,VERB_FORM
test-01185,CORRECT,VERB_FORM
test-01186,NOUN_NUM,DET
test-01187,PREP,NOUN_NUM
test-01188,DET,CORRECT
test-01189,CORRECT,VERB_FORM
test-01190,VERB_FORM,VERB_FORM
test-01191,CORRECT,SVA
test-01192,DET,VERB_FORM
test-01193,PREP,PREP
test-01194,CORRECT,SVA
test-01195,CORRECT,DET
test-01196,PREP,PREP
test-01197,VERB_FORM,DET
test-01198,SVA,VERB_FORM
test-01199,NOUN_NUM,VERB_FORM
test-01200,PREP,PREP
test-01201,SVA,NOUN_NUM
test-01202,SVA,SVA
test-01203,VERB_FORM,VERB_FORM
test-01204,WORD_ORDER,VERB_FORM
test-01205,DET,DET
test-01206,CORRECT,SVA
test-01207,NOUN_NUM,NOUN_NUM
test-01208,VERB_FORM,VERB_FORM
test-01209,DET,PREP
test-01210,VERB_FORM,VERB_FORM
test-01211,DET,DET
test-01212,SVA,VERB_FORM
test-01213,PREP,PREP
test-01214,SVA,DET
test-01215,CORRECT,VERB_FORM
test-01216,WORD_ORDER,SVA
test-01217,CORRECT,WORD_ORDER
test-01218,NOUN_NUM,SVA
test-01219,SVA,WORD_ORDER
test-01220,VERB_FORM,WORD_ORDER
test-01221,CORRECT,SVA
test-01222,SVA,SVA
test-01223,DET,PREP
test-01224,SVA,VERB_FORM
test-01225,SVA,SVA
test-01226,NOUN_NUM,NOUN_NUM
test-01227,PREP,DET
test-01228,VERB_FORM,PREP
test-01229,CORRECT,WORD_ORDER
test-01230,CORRECT,WORD_ORDER
test-01231,CORRECT,NOUN_NUM
test-01232,CORRECT,PREP
test-01233,CORRECT,VERB_FORM
test-01234,DET,DET
test-01235,CORRECT,WORD_ORDER
test-01236,WORD_ORDER,WORD_ORDER
test-01237,WORD_ORDER,PREP
test-01238,CORRECT,PREP
test-01239,CORRECT,NOUN_NUM
test-01240,NOUN_NUM,WORD_ORDER
test-01241,NOUN_NUM,DET
test-01242,CORRECT,NOUN_NUM
test-01243,CORRECT,SVA
test-01244,VERB_FORM,PREP
test-01245,VERB_FORM,DET
test-01246,DET,SVA
test-01247,VERB_FORM,WORD_ORDER
test-01248,PREP,DET
test-01249,CORRECT,PREP
test-01250,CORRECT,DET
test-01251,DET,SVA
test-01252,VERB_FORM,PREP
test-01253,NOUN_NUM,NOUN_NUM
test-01254,SVA,VERB_FORM
test-01255,CORRECT,NOUN_NUM
test-01256,NOUN_NUM,CORRECT
test-01257,NOUN_NUM,NOUN_NUM
test-01258,SVA,DET
test-01259,CORRECT,DET
test-01260,DET,VERB_FORM
test-01261,CORRECT,VERB_FORM
test-01262,WORD_ORDER,DET
test-01263,SVA,VERB_FORM
test-01264,SVA,SVA
test-01265,SVA,WORD_ORDER
test-01266,PREP,VERB_FORM
test-01267,WORD_ORDER,WORD_ORDER
test-01268,WORD_ORDER,PREP
test-01269,VERB_FORM,VERB_FORM
test-01270,NOUN_NUM,VERB_FORM
test-01271,PREP,SVA
test-01272,DET,NOUN_NUM
test-01273,CORRECT,NOUN_NUM
test-01274,VERB_FORM,WORD_ORDER
test-01275,CORRECT,VERB_FORM
test-01276,SVA,DET
test-01277,CORRECT,PREP
test-01278,WORD_ORDER,WORD_ORDER
test-01279,NOUN_NUM,NOUN_NUM
test-01280,CORRECT,CORRECT
test-01281,VERB_FORM,DET
test-01282,WORD_ORDER,CORRECT
test-01283,CORRECT,CORRECT
test-01284,CORRECT,SVA
test-01285,VERB_FORM,VERB_FORM
test-01286,WORD_ORDER,VERB_FORM
test-01287,DET,DET
test-01288,NOUN_NUM,NOUN_NUM
test-01289,SVA,VERB_FORM
test-01290,VERB_FORM,VERB_FORM
test-01291,CORRECT,CORRECT
test-01292,VERB_FORM,VERB_FORM
test-01293,PREP,DET
test-01294,PREP,PREP
test-01295,VERB_FORM,NOUN_NUM
test-01296,CORRECT,VERB_FORM
test-01297,VERB_FORM,WORD_ORDER
test-01298,NOUN_NUM,NOUN_NUM
test-01299,VERB_FORM,CORRECT
test-01300,PREP,PREP
test-01301,NOUN_NUM,PREP
test-01302,SVA,PREP
test-01303,WORD_ORDER,PREP
test-01304,VERB_FORM,DET
test-01305,WORD_ORDER,WORD_ORDER
test-01306,DET,CORRECT
test-01307,WORD_ORDER,NOUN_NUM
test-01308,SVA,NOUN_NUM
test-01309,SVA,SVA
test-01310,CORRECT,SVA
test-01311,NOUN_NUM,PREP
test-01312,SVA,VERB_FORM
test-01313,NOUN_NUM,DET
test-01314,SVA,SVA
test-01315,CORRECT,VERB_FORM
test-01316,SVA,SVA
test-01317,NOUN_NUM,NOUN_NUM
test-01318,SVA,SVA
test-01319,SVA,WORD_ORDER
test-01320,CORRECT,PREP
test-01321,CORRECT,CORRECT
test-01322,PREP,NOUN_NUM
test-01323,DET,SVA
test-01324,VERB_FORM,WORD_ORDER
test-01325,PREP,VERB_FORM
test-01326,WORD_ORDER,WORD_ORDER
test-01327,VERB_FORM,VERB_FORM
test-01328,SVA,VERB_FORM
test-01329,SVA,NOUN_NUM
test-01330,VERB_FORM,VERB_FORM
test-01331,SVA,VERB_FORM
test-01332,CORRECT,SVA
test-01333,DET,VERB_FORM
test-01334,NOUN_NUM,NOUN_NUM
test-01335,CORRECT,SVA
test-01336,NOUN_NUM,DET
test-01337,DET,SVA
test-01338,VERB_FORM,NOUN_NUM
test-01339,PREP,PREP
test-01340,PREP,NOUN_NUM
test-01341,WORD_ORDER,VERB_FORM
test-01342,SVA,NOUN_NUM
test-01343,DET,DET
test-01344,SVA,VERB_FORM
test-01345,WORD_ORDER,NOUN_NUM
test-01346,PREP,PREP
test-01347,PREP,DET
test-01348,DET,NOUN_NUM
test-01349,NOUN_NUM,NOUN_NUM
test-01350,WORD_ORDER,DET
test-01351,NOUN_NUM,NOUN_NUM
test-01352,NOUN_NUM,VERB_FORM
test-01353,DET,DET
test-01354,PREP,CORRECT
test-01355,SVA,SVA
test-01356,NOUN_NUM,NOUN_NUM
test-01357,VERB_FORM,VERB_FORM
test-01358,WORD_ORDER,DET
test-01359,PREP,PREP
test-01360,PREP,DET
test-01361,DET,PREP
test-01362,NOUN_NUM,VERB_FORM
test-01363,VERB_FORM,SVA
test-01364,DET,SVA
test-01365,PREP,VERB_FORM
test-01366,NOUN_NUM,PREP
test-01367,NOUN_NUM,WORD_ORDER
test-01368,SVA,PREP
test-01369,PREP,DET
test-01370,PREP,VERB_FORM
test-01371,VERB_FORM,VERB_FORM
test-01372,WORD_ORDER,PREP
test-01373,WORD_ORDER,CORRECT
test-01374,VERB_FORM,VERB_FORM
test-01375,SVA,VERB_FORM
test-01376,WORD_ORDER,VERB_FORM
test-01377,WORD_ORDER,WORD_ORDER
test-01378,VERB_FORM,PREP
test-01379,SVA,VERB_FORM
test-01380,WORD_ORDER,VERB_FORM
test-01381,WORD_ORDER,SVA
test-01382,SVA,VERB_FORM
test-01383,NOUN_NUM,VERB_FORM
test-01384,CORRECT,CORRECT
test-01385,PREP,SVA
test-01386,NOUN_NUM,NOUN_NUM
test-01387,SVA,SVA
test-01388,NOUN_NUM,PREP
test-01389,VERB_FORM,SVA
test-01390,CORRECT,SVA
test-01391,CORRECT,DET
test-01392,PREP,PREP
test-01393,PREP,SVA
test-01394,WORD_ORDER,WORD_ORDER
test-01395,NOUN_NUM,NOUN_NUM
test-01396,VERB_FORM,CORRECT
test-01397,SVA,DET
test-01398,DET,DET
test-01399,WORD_ORDER,SVA
test-01400,DET,WORD_ORDER
test-01401,DET,VERB_FORM
test-01402,PREP,VERB_FORM
test-01403,SVA,SVA
test-01404,NOUN_NUM,NOUN_NUM
test-01405,NOUN_NUM,SVA
test-01406,WORD_ORDER,SVA
test-01407,DET,VERB_FORM
test-01408,VERB_FORM,VERB_FORM
test-01409,VERB_FORM,DET
test-01410,VERB_FORM,SVA
test-01411,NOUN_NUM,NOUN_NUM
test-01412,CORRECT,SVA
test-01413,PREP,PREP
test-01414,CORRECT,VERB_FORM
test-01415,NOUN_NUM,PREP
test-01416,CORRECT,VERB_FORM
test-01417,CORRECT,NOUN_NUM
test-01418,PREP,SVA
test-01419,NOUN_NUM,NOUN_NUM
test-01420,WORD_ORDER,PREP
test-01421,WORD_ORDER,DET
test-01422,PREP,SVA
test-01423,PREP,DET
test-01424,SVA,PREP
test-01425,VERB_FORM,SVA
test-01426,SVA,DET
test-01427,DET,DET
test-01428,DET,VERB_FORM
test-01429,SVA,VERB_FORM
test-01430,WORD_ORDER,DET
test-01431,DET,NOUN_NUM
test-01432,PREP,SVA
test-01433,CORRECT,SVA
test-01434,SVA,WORD_ORDER
test-01435,SVA,SVA
test-01436,WORD_ORDER,DET
test-01437,PREP,VERB_FORM
test-01438,VERB_FORM,DET
test-01439,CORRECT,WORD_ORDER
test-01440,VERB_FORM,VERB_FORM
test-01441,PREP,PREP
test-01442,SVA,DET
test-01443,VERB_FORM,CORRECT
test-01444,PREP,SVA
test-01445,DET,DET
test-01446,PREP,PREP
test-01447,PREP,VERB_FORM
test-01448,PREP,NOUN_NUM
test-01449,DET,DET
test-01450,NOUN_NUM,WORD_ORDER
test-01451,NOUN_NUM,VERB_FORM
test-01452,CORRECT,WORD_ORDER
test-01453,NOUN_NUM,CORRECT
test-01454,WORD_ORDER,PREP
test-01455,VERB_FORM,VERB_FORM
test-01456,PREP,VERB_FORM
test-01457,VERB_FORM,VERB_FORM
test-01458,VERB_FORM,VERB_FORM
test-01459,VERB_FORM,VERB_FORM
test-01460,PREP,PREP
test-01461,SVA,WORD_ORDER
test-01462,PREP,PREP
test-01463,CORRECT,DET
test-01464,VERB_FORM,WORD_ORDER
test-01465,DET,PREP
test-01466,PREP,PREP
test-01467,PREP,DET
test-01468,NOUN_NUM,CORRECT
test-01469,PREP,WORD_ORDER
test-01470,PREP,WORD_ORDER
test-01471,SVA,SVA
test-01472,SVA,PREP
test-01473,WORD_ORDER,VERB_FORM
test-01474,NOUN_NUM,NOUN_NUM
test-01475,WORD_ORDER,CORRECT
test-01476,WORD_ORDER,VERB_FORM
test-01477,NOUN_NUM,WORD_ORDER
test-01478,SVA,NOUN_NUM
test-01479,NOUN_NUM,VERB_FORM
test-01480,NOUN_NUM,VERB_FORM
test-01481,DET,PREP
test-01482,CORRECT,DET
test-01483,CORRECT,SVA
test-01484,WORD_ORDER,VERB_FORM
test-01485,DET,DET
test-01486,DET,NOUN_NUM
test-01487,CORRECT,WORD_ORDER
test-01488,PREP,SVA
test-01489,WORD_ORDER,WORD_ORDER
test-01490,VERB_FORM,SVA
test-01491,VERB_FORM,WORD_ORDER
test-01492,VERB_FORM,CORRECT
test-01493,DET,PREP
test-01494,CORRECT,CORRECT
test-01495,SVA,SVA
test-01496,NOUN_NUM,SVA
test-01497,VERB_FORM,NOUN_NUM
test-01498,CORRECT,SVA
test-01499,CORRECT,PREP
test-01500,SVA,WORD_ORDER
test-01501,CORRECT,DET
test-01502,WORD_ORDER,SVA
test-01503,NOUN_NUM,NOUN_NUM
test-01504,WORD_ORDER,SVA
test-01505,VERB_FORM,VERB_FORM
test-01506,PREP,WORD_ORDER
test-01507,VERB_FORM,CORRECT
test-01508,NOUN_NUM,VERB_FORM
test-01509,CORRECT,NOUN_NUM
test-01510,PREP,SVA
test-01511,DET,DET
test-01512,SVA,SVA
test-01513,NOUN_NUM,CORRECT
test-01514,NOUN_NUM,SVA
test-01515,WORD_ORDER,NOUN_NUM
test-01516,VERB_FORM,SVA
test-01517,NOUN_NUM,VERB_FORM
test-01518,VERB_FORM,WORD_ORDER
test-01519,SVA,VERB_FORM
test-01520,DET,DET
test-01521,PREP,WORD_ORDER
test-01522,VERB_FORM,PREP
test-01523,NOUN_NUM,DET
test-01524,VERB_FORM,DET
test-01525,NOUN_NUM,DET
test-01526,CORRECT,NOUN_NUM
test-01527,DET,DET
test-01528,WORD_ORDER,CORRECT
test-01529,PREP,NOUN_NUM
test-01530,NOUN_NUM,PREP
test-01531,WORD_ORDER,WORD_ORDER
test-01532,CORRECT,CORRECT
test-01533,NOUN_NUM,PREP
test-01534,VERB_FORM,VERB_FORM
test-01535,WORD_ORDER,PREP
test-01536,NOUN_NUM,NOUN_NUM
test-01537,DET,CORRECT
test-01538,SVA,SVA
test-01539,SVA,WORD_ORDER
test-01540,CORRECT,PREP
test-01541,DET,CORRECT
test-01542,CORRECT,SVA
test-01543,PREP,NOUN_NUM
test-01544,PREP,DET
test-01545,SVA,SVA
test-01546,WORD_ORDER,WORD_ORDER
test-01547,SVA,WORD_ORDER
test-01548,NOUN_NUM,SVA
test-01549,VERB_FORM,VERB_FORM
test-01550,WORD_ORDER,SVA
test-01551,NOUN_NUM,CORRECT
test-01552,NOUN_NUM,NOUN_NUM
test-01553,SVA,VERB_FORM
test-01554,CORRECT,DET
test-01555,NOUN_NUM,NOUN_NUM
test-01556,VERB_FORM,NOUN_NUM
test-01557,CORRECT,PREP
test-01558,DET,SVA
test-01559,WORD_ORDER,VERB_FORM
test-01560,PREP,WORD_ORDER
test-01561,DET,DET
test-01562,SVA,NOUN_NUM
test-01563,PREP,PREP
test-01564,NOUN_NUM,NOUN_NUM
test-01565,WORD_ORDER,NOUN_NUM
test-01566,NOUN_NUM,DET
test-01567,SVA,SVA
test-01568,PREP,VERB_FORM
test-01569,VERB_FORM,WORD_ORDER
test-01570,PREP,CORRECT
test-01571,DET,DET
test-01572,CORRECT,VERB_FORM
test-01573,DET,PREP
test-01574,SVA,VERB_FORM
test-01575,SVA,PREP
test-01576,WORD_ORDER,VERB_FORM
test-01577,DET,NOUN_NUM
test-01578,DET,NOUN_NUM
test-01579,DET,DET
test-01580,CORRECT,NOUN_NUM
test-01581,PREP,PREP
test-01582,SVA,VERB_FORM
test-01583,VERB_FORM,VERB_FORM
test-01584,PREP,PREP
test-01585,PREP,SVA
test-01586,CORRECT,VERB_FORM
test-01587,PREP,VERB_FORM
test-01588,PREP,VERB_FORM
test-01589,PREP,NOUN_NUM
test-01590,VERB_FORM,VERB_FORM
test-01591,SVA,DET
test-01592,NOUN_NUM,NOUN_NUM
test-01593,WORD_ORDER,WORD_ORDER
test-01594,PREP,PREP
test-01595,SVA,VERB_FORM
test-01596,CORRECT,SVA
test-01597,PREP,DET
test-01598,WORD_ORDER,PREP
test-01599,WORD_ORDER,SVA
test-01600,NOUN_NUM,NOUN_NUM
test-01601,DET,DET
test-01602,SVA,SVA
test-01603,NOUN_NUM,VERB_FORM
test-01604,SVA,SVA
test-01605,SVA,DET
test-01606,WORD_ORDER,VERB_FORM
test-01607,SVA,WORD_ORDER
test-01608,DET,DET
test-01609,DET,DET
test-01610,PREP,NOUN_NUM
test-01611,PREP,DET
test-01612,NOUN_NUM,WORD_ORDER
test-01613,DET,DET
test-01614,NOUN_NUM,VERB_FORM
test-01615,VERB_FORM,PREP
test-01616,WORD_ORDER,SVA
test-01617,WORD_ORDER,SVA
test-01618,PREP,PREP
test-01619,NOUN_NUM,NOUN_NUM
test-01620,CORRECT,VERB_FORM
test-01621,SVA,CORRECT
test-01622,NOUN_NUM,NOUN_NUM
test-01623,WORD_ORDER,WORD_ORDER
test-01624,PREP,PREP
test-01625,NOUN_NUM,NOUN_NUM
test-01626,CORRECT,VERB_FORM
test-01627,NOUN_NUM,SVA
test-01628,WORD_ORDER,WORD_ORDER
test-01629,NOUN_NUM,DET
test-01630,DET,WORD_ORDER
test-01631,CORRECT,DET
test-01632,NOUN_NUM,CORRECT
test-01633,PREP,PREP
test-01634,NOUN_NUM,NOUN_NUM
test-01635,NOUN_NUM,VERB_FORM
test-01636,CORRECT,VERB_FORM
test-01637,SVA,WORD_ORDER
test-01638,WORD_ORDER,NOUN_NUM
test-01639,PREP,VERB_FORM
test-01640,NOUN_NUM,NOUN_NUM
test-01641,NOUN_NUM,SVA
test-01642,SVA,WORD_ORDER
test-01643,PREP,PREP
test-01644,CORRECT,VERB_FORM
test-01645,WORD_ORDER,VERB_FORM
test-01646,PREP,WORD_ORDER
test-01647,WORD_ORDER,SVA
test-01648,WORD_ORDER,CORRECT
test-01649,CORRECT,PREP
test-01650,VERB_FORM,VERB_FORM
test-01651,WORD_ORDER,PREP
test-01652,DET,SVA
test-01653,PREP,DET
test-01654,PREP,SVA
test-01655,NOUN_NUM,NOUN_NUM
test-01656,WORD_ORDER,SVA
test-01657,DET,NOUN_NUM
test-01658,SVA,NOUN_NUM
test-01659,WORD_ORDER,VERB_FORM
test-01660,DET,VERB_FORM
test-01661,CORRECT,NOUN_NUM
test-01662,PREP,PREP
test-01663,SVA,VERB_FORM
test-01664,DET,VERB_FORM
test-01665,CORRECT,NOUN_NUM
test-01666,VERB_FORM,DET
test-01667,NOUN_NUM,SVA
test-01668,NOUN_NUM,VERB_FORM
test-01669,SVA,SVA
test-01670,PREP,WORD_ORDER
test-01671,PREP,VERB_FORM
test-01672,DET,SVA
test-01673,PREP,VERB_FORM
test-01674,NOUN_NUM,NOUN_NUM
test-01675,DET,VERB_FORM
test-01676,DET,DET
test-01677,DET,DET
test-01678,CORRECT,VERB_FORM
test-01679,NOUN_NUM,NOUN_NUM
test-01680,CORRECT,NOUN_NUM
test-01681,NOUN_NUM,NOUN_NUM
test-01682,WORD_ORDER,VERB_FORM
test-01683,NOUN_NUM,CORRECT
test-01684,WORD_ORDER,VERB_FORM
test-01685,DET,NOUN_NUM
test-01686,PREP,WORD_ORDER
test-01687,DET,WORD_ORDER
test-01688,NOUN_NUM,VERB_FORM
test-01689,WORD_ORDER,DET
test-01690,PREP,PREP
test-01691,PREP,PREP
test-01692,CORRECT,WORD_ORDER
test-01693,SVA,SVA
test-01694,PREP,VERB_FORM
test-01695,NOUN_NUM,VERB_FORM
test-01696,WORD_ORDER,WORD_ORDER
test-01697,DET,VERB_FORM
test-01698,CORRECT,NOUN_NUM
test-01699,VERB_FORM,SVA
test-01700,PREP,VERB_FORM
test-01701,VERB_FORM,CORRECT
test-01702,NOUN_NUM,NOUN_NUM
test-01703,SVA,VERB_FORM
test-01704,NOUN_NUM,NOUN_NUM
test-01705,NOUN_NUM,CORRECT
test-01706,VERB_FORM,VERB_FORM
test-01707,DET,DET
test-01708,DET,CORRECT
test-01709,CORRECT,SVA
test-01710,CORRECT,PREP
test-01711,SVA,SVA
test-01712,SVA,SVA
test-01713,WORD_ORDER,CORRECT
test-01714,PREP,VERB_FORM
test-01715,PREP,PREP
test-01716,CORRECT,NOUN_NUM
test-01717,CORRECT,DET
test-01718,PREP,WORD_ORDER
test-01719,PREP,PREP
test-01720,NOUN_NUM,NOUN_NUM
test-01721,WORD_ORDER,NOUN_NUM
test-01722,NOUN_NUM,PREP
test-01723,CORRECT,DET
test-01724,CORRECT,SVA
test-01725,DET,VERB_FORM
test-01726,WORD_ORDER,SVA
test-01727,WORD_ORDER,WORD_ORDER
test-01728,WORD_ORDER,SVA
test-01729,VERB_FORM,SVA
test-01730,DET,DET
test-01731,SVA,SVA
test-01732,PREP,PREP
test-01733,DET,VERB_FORM
test-01734,CORRECT,WORD_ORDER
test-01735,SVA,WORD_ORDER
test-01736,PREP,VERB_FORM
test-01737,CORRECT,NOUN_NUM
test-01738,VERB_FORM,NOUN_NUM
test-01739,PREP,SVA
test-01740,WORD_ORDER,DET
test-01741,DET,WORD_ORDER
test-01742,VERB_FORM,NOUN_NUM
test-01743,NOUN_NUM,NOUN_NUM
test-01744,VERB_FORM,VERB_FORM
test-01745,PREP,PREP
test-01746,WORD_ORDER,WORD_ORDER
test-01747,SVA,CORRECT
test-01748,PREP,DET
test-01749,WORD_ORDER,VERB_FORM
test-01750,CORRECT,PREP
test-01751,VERB_FORM,VERB_FORM
test-01752,NOUN_NUM,WORD_ORDER
test-01753,VERB_FORM,NOUN_NUM
test-01754,CORRECT,DET
test-01755,CORRECT,CORRECT
test-01756,WORD_ORDER,VERB_FORM
test-01757,DET,DET
test-01758,WORD_ORDER,WORD_ORDER
test-01759,SVA,SVA
test-01760,CORRECT,PREP
test-01761,CORRECT,VERB_FORM
test-01762,VERB_FORM,VERB_FORM
test-01763,NOUN_NUM,NOUN_NUM
test-01764,PREP,WORD_ORDER
test-01765,SVA,SVA
test-01766,DET,WORD_ORDER
test-01767,WORD_ORDER,PREP
test-01768,WORD_ORDER,DET
test-01769,NOUN_NUM,PREP
test-01770,WORD_ORDER,SVA
test-01771,NOUN_NUM,SVA
test-01772,WORD_ORDER,NOUN_NUM
test-01773,SVA,SVA
test-01774,PREP,WORD_ORDER
test-01775,SVA,PREP
test-01776,VERB_FORM,VERB_FORM
test-01777,WORD_ORDER,DET
test-01778,SVA,SVA
test-01779,WORD_ORDER,DET
test-01780,NOUN_NUM,NOUN_NUM
test-01781,VERB_FORM,VERB_FORM
test-01782,CORRECT,VERB_FORM
test-01783,VERB_FORM,NOUN_NUM
test-01784,PREP,VERB_FORM
test-01785,VERB_FORM,VERB_FORM
test-01786,PREP,PREP
test-01787,NOUN_NUM,PREP
test-01788,VERB_FORM,SVA
test-01789,WORD_ORDER,DET
test-01790,NOUN_NUM,VERB_FORM
test-01791,PREP,VERB_FORM
test-01792,CORRECT,WORD_ORDER
test-01793,WORD_ORDER,SVA
test-01794,WORD_ORDER,NOUN_NUM
test-01795,DET,DET
test-01796,PREP,NOUN_NUM
test-01797,SVA,SVA
test-01798,WORD_ORDER,VERB_FORM
test-01799,CORRECT,DET
test-01800,SVA,DET
test-01801,SVA,WORD_ORDER
test-01802,WORD_ORDER,VERB_FORM
test-01803,DET,VERB_FORM
test-01804,WORD_ORDER,SVA
test-01805,VERB_FORM,SVA
test-01806,PREP,DET
test-01807,CORRECT,VERB_FORM
test-01808,CORRECT,PREP
test-01809,DET,VERB_FORM
test-01810,PREP,NOUN_NUM
test-01811,CORRECT,WORD_ORDER
test-01812,WORD_ORDER,WORD_ORDER
test-01813,VERB_FORM,VERB_FORM
test-01814,PREP,PREP
test-01815,WORD_ORDER,DET
test-01816,CORRECT,WORD_ORDER
test-01817,PREP,NOUN_NUM
test-01818,WORD_ORDER,DET
test-01819,PREP,WORD_ORDER
test-01820,DET,DET
test-01821,VERB_FORM,SVA
test-01822,CORRECT,DET
test-01823,SVA,SVA
test-01824,NOUN_NUM,VERB_FORM
test-01825,WORD_ORDER,SVA
test-01826,NOUN_NUM,NOUN_NUM
test-01827,VERB_FORM,WORD_ORDER
test-01828,WORD_ORDER,VERB_FORM
test-01829,NOUN_NUM,NOUN_NUM
test-01830,DET,NOUN_NUM
test-01831,WORD_ORDER,DET
test-01832,VERB_FORM,VERB_FORM
test-01833,CORRECT,VERB_FORM
test-01834,VERB_FORM,VERB_FORM
test-01835,SVA,VERB_FORM
test-01836,SVA,VERB_FORM
test-01837,CORRECT,VERB_FORM
test-01838,DET,WORD_ORDER
test-01839,VERB_FORM,NOUN_NUM
test-01840,NOUN_NUM,NOUN_NUM
test-01841,NOUN_NUM,NOUN_NUM
test-01842,WORD_ORDER,DET
test-01843,DET,VERB_FORM
test-01844,WORD_ORDER,VERB_FORM
test-01845,PREP,PREP
test-01846,DET,PREP
test-01847,WORD_ORDER,WORD_ORDER
test-01848,VERB_FORM,VERB_FORM
test-01849,WORD_ORDER,PREP
test-01850,PREP,NOUN_NUM
test-01851,CORRECT,DET
test-01852,WORD_ORDER,DET
test-01853,SVA,SVA
test-01854,DET,DET
test-01855,PREP,VERB_FORM
test-01856,WORD_ORDER,SVA
test-01857,NOUN_NUM,NOUN_NUM
test-01858,VERB_FORM,SVA
test-01859,SVA,SVA
test-01860,DET,VERB_FORM
test-01861,SVA,WORD_ORDER
test-01862,CORRECT,SVA
test-01863,PREP,WORD_ORDER
test-01864,SVA,SVA
test-01865,NOUN_NUM,NOUN_NUM
test-01866,CORRECT,NOUN_NUM
test-01867,NOUN_NUM,NOUN_NUM
test-01868,VERB_FORM,PREP
test-01869,PREP,VERB_FORM
test-01870,CORRECT,NOUN_NUM
test-01871,VERB_FORM,SVA
test-01872,NOUN_NUM,NOUN_NUM
test-01873,WORD_ORDER,SVA
test-01874,CORRECT,DET
test-01875,CORRECT,WORD_ORDER
test-01876,WORD_ORDER,WORD_ORDER
test-01877,DET,WORD_ORDER
test-01878,CORRECT,DET
test-01879,PREP,CORRECT
test-01880,CORRECT,SVA
test-01881,SVA,SVA
test-01882,NOUN_NUM,WORD_ORDER
test-01883,CORRECT,VERB_FORM
test-01884,SVA,NOUN_NUM
test-01885,VERB_FORM,VERB_FORM
test-01886,WORD_ORDER,SVA
test-01887,NOUN_NUM,NOUN_NUM
test-01888,VERB_FORM,DET
test-01889,WORD_ORDER,WORD_ORDER
test-01890,PREP,DET
test-01891,VERB_FORM,VERB_FORM
test-01892,SVA,PREP
test-01893,DET,DET
test-01894,WORD_ORDER,DET
test-01895,VERB_FORM,VERB_FORM
test-01896,NOUN_NUM,NOUN_NUM
test-01897,VERB_FORM,VERB_FORM
test-01898,CORRECT,SVA
test-01899,NOUN_NUM,WORD_ORDER
test-01900,CORRECT,CORRECT
test-01901,CORRECT,VERB_FORM
test-01902,NOUN_NUM,NOUN_NUM
test-01903,PREP,PREP
test-01904,PREP,WORD_ORDER
test-01905,VERB_FORM,CORRECT
test-01906,VERB_FORM,VERB_FORM
test-01907,WORD_ORDER,DET
test-01908,SVA,PREP
test-01909,SVA,SVA
test-01910,WORD_ORDER,CORRECT
test-01911,VERB_FORM,WORD_ORDER
test-01912,SVA,SVA
test-01913,WORD_ORDER,VERB_FORM
test-01914,DET,WORD_ORDER
test-01915,VERB_FORM,CORRECT
test-01916,WORD_ORDER,PREP
test-01917,PREP,PREP
test-01918,VERB_FORM,PREP
test-01919,SVA,VERB_FORM
test-01920,WORD_ORDER,WORD_ORDER
test-01921,VERB_FORM,VERB_FORM
test-01922,VERB_FORM,NOUN_NUM
test-01923,SVA,PREP
test-01924,WORD_ORDER,SVA
test-01925,NOUN_NUM,NOUN_NUM
test-01926,WORD_ORDER,WORD_ORDER
test-01927,SVA,SVA
test-01928,WORD_ORDER,CORRECT
test-01929,WORD_ORDER,VERB_FORM
test-01930,VERB_FORM,VERB_FORM
test-01931,DET,DET
test-01932,NOUN_NUM,DET
test-01933,SVA,SVA
test-01934,SVA,SVA
test-01935,NOUN_NUM,VERB_FORM
test-01936,SVA,PREP
test-01937,SVA,VERB_FORM
test-01938,VERB_FORM,WORD_ORDER
test-01939,PREP,PREP
test-01940,NOUN_NUM,DET
test-01941,NOUN_NUM,VERB_FORM
test-01942,SVA,NOUN_NUM
test-01943,SVA,WORD_ORDER
test-01944,SVA,SVA
test-01945,SVA,WORD_ORDER
test-01946,WORD_ORDER,CORRECT
test-01947,SVA,WORD_ORDER
test-01948,SVA,SVA
test-01949,SVA,NOUN_NUM
test-01950,VERB_FORM,VERB_FORM
test-01951,VERB_FORM,CORRECT
test-01952,SVA,SVA
test-01953,WORD_ORDER,CORRECT
test-01954,WORD_ORDER,WORD_ORDER
test-01955,WORD_ORDER,NOUN_NUM
test-01956,VERB_FORM,WORD_ORDER
test-01957,WORD_ORDER,VERB_FORM
test-01958,NOUN_NUM,DET
test-01959,NOUN_NUM,NOUN_NUM
test-01960,PREP,PREP
test-01961,WORD_ORDER,DET
test-01962,DET,CORRECT
test-01963,NOUN_NUM,VERB_FORM
test-01964,DET,DET
test-01965,WORD_ORDER,DET
test-01966,PREP,PREP
test-01967,SVA,CORRECT
test-01968,VERB_FORM,SVA
test-01969,WORD_ORDER,PREP
test-01970,PREP,SVA
test-01971,DET,VERB_FORM
test-01972,PREP,PREP
test-01973,DET,DET
test-01974,PREP,WORD_ORDER
test-01975,VERB_FORM,WORD_ORDER
test-01976,NOUN_NUM,NOUN_NUM
test-01977,WORD_ORDER,VERB_FORM
test-01978,SVA,VERB_FORM
test-01979,DET,DET
test-01980,VERB_FORM,NOUN_NUM
test-01981,WORD_ORDER,NOUN_NUM
test-01982,CORRECT,WORD_ORDER
test-01983,PREP,SVA
test-01984,DET,VERB_FORM
test-01985,SVA,NOUN_NUM
test-01986,NOUN_NUM,NOUN_NUM
test-01987,NOUN_NUM,NOUN_NUM
test-01988,VERB_FORM,VERB_FORM
test-01989,VERB_FORM,VERB_FORM
test-01990,SVA,SVA
test-01991,NOUN_NUM,NOUN_NUM
test-01992,VERB_FORM,SVA
test-01993,WORD_ORDER,WORD_ORDER
test-01994,PREP,VERB_FORM
test-01995,CORRECT,SVA
test-01996,DET,VERB_FORM
test-01997,NOUN_NUM,NOUN_NUM
test-01998,NOUN_NUM,SVA
test-01999,DET,VERB_FORM
test-02000,NOUN_NUM,DET
test-02001,WORD_ORDER,VERB_FORM
test-02002,SVA,SVA
test-02003,PREP,NOUN_NUM
test-02004,VERB_FORM,PREP
test-02005,NOUN_NUM,PREP
test-02006,SVA,WORD_ORDER
test-02007,WORD_ORDER,VERB_FORM
test-02008,NOUN_NUM,DET
test-02009,VERB_FORM,PREP
test-02010,PREP,DET
test-02011,VERB_FORM,NOUN_NUM
test-02012,WORD_ORDER,WORD_ORDER
test-02013,NOUN_NUM,NOUN_NUM
test-02014,WORD_ORDER,PREP
test-02015,NOUN_NUM,NOUN_NUM
test-02016,CORRECT,NOUN_NUM
test-02017,NOUN_NUM,PREP
test-02018,VERB_FORM,VERB_FORM
test-02019,VERB_FORM,SVA
test-02020,DET,CORRECT
test-02021,DET,DET
test-02022,PREP,VERB_FORM
test-02023,PREP,CORRECT
test-02024,PREP,DET
test-02025,NOUN_NUM,NOUN_NUM
test-02026,WORD_ORDER,VERB_FORM
test-02027,CORRECT,CORRECT
test-02028,CORRECT,DET
test-02029,PREP,SVA
test-02030,CORRECT,WORD_ORDER
test-02031,PREP,SVA
test-02032,CORRECT,NOUN_NUM
test-02033,VERB_FORM,PREP
test-02034,VERB_FORM,PREP
test-02035,DET,WORD_ORDER
test-02036,CORRECT,DET
test-02037,DET,DET
test-02038,VERB_FORM,VERB_FORM
test-02039,DET,PREP
test-02040,DET,WORD_ORDER
test-02041,VERB_FORM,VERB_FORM
test-02042,PREP,VERB_FORM
test-02043,PREP,CORRECT
test-02044,SVA,NOUN_NUM
test-02045,NOUN_NUM,NOUN_NUM
test-02046,WORD_ORDER,PREP
test-02047,PREP,WORD_ORDER
test-02048,SVA,VERB_FORM
test-02049,CORRECT,CORRECT
test-02050,PREP,DET
test-02051,DET,DET
test-02052,DET,VERB_FORM
test-02053,NOUN_NUM,NOUN_NUM
test-02054,NOUN_NUM,NOUN_NUM
test-02055,PREP,WORD_ORDER
test-02056,NOUN_NUM,NOUN_NUM
test-02057,DET,VERB_FORM
test-02058,PREP,NOUN_NUM
test-02059,SVA,WORD_ORDER
test-02060,DET,WORD_ORDER
test-02061,NOUN_NUM,NOUN_NUM
test-02062,PREP,NOUN_NUM
test-02063,WORD_ORDER,NOUN_NUM
test-02064,CORRECT,VERB_FORM
test-02065,CORRECT,DET
test-02066,VERB_FORM,VERB_FORM
test-02067,NOUN_NUM,VERB_FORM
test-02068,SVA,SVA
test-02069,PREP,PREP
test-02070,PREP,VERB_FORM
test-02071,VERB_FORM,VERB_FORM
test-02072,WORD_ORDER,DET
test-02073,CORRECT,CORRECT
test-02074,NOUN_NUM,PREP
test-02075,SVA,VERB_FORM
test-02076,SVA,CORRECT
test-02077,SVA,NOUN_NUM
test-02078,WORD_ORDER,PREP
test-02079,CORRECT,VERB_FORM
test-02080,WORD_ORDER,SVA
test-02081,DET,VERB_FORM
test-02082,SVA,WORD_ORDER
test-02083,WORD_ORDER,CORRECT
test-02084,NOUN_NUM,VERB_FORM
test-02085,VERB_FORM,VERB_FORM
test-02086,SVA,SVA
test-02087,WORD_ORDER,WORD_ORDER
test-02088,DET,SVA
test-02089,CORRECT,VERB_FORM
test-02090,VERB_FORM,DET
test-02091,PREP,DET
test-02092,WORD_ORDER,VERB_FORM
test-02093,PREP,CORRECT
test-02094,DET,DET
test-02095,NOUN_NUM,VERB_FORM
test-02096,CORRECT,PREP
test-02097,DET,NOUN_NUM
test-02098,PREP,PREP
test-02099,PREP,PREP
test-02100,SVA,NOUN_NUM
test-02101,VERB_FORM,WORD_ORDER
test-02102,NOUN_NUM,DET
test-02103,VERB_FORM,VERB_FORM
test-02104,CORRECT,PREP
test-02105,SVA,NOUN_NUM
test-02106,DET,DET
test-02107,SVA,SVA
test-02108,DET,CORRECT
test-02109,VERB_FORM,DET
test-02110,PREP,NOUN_NUM
test-02111,PREP,NOUN_NUM
test-02112,SVA,WORD_ORDER
test-02113,NOUN_NUM,VERB_FORM
