id,sent_id,label,text,source,label_dogru_mu,not
test-01217,reviews-138110-0002,CORRECT,"I had to get a permit here, it was cool","I had to get a permit here, it was cool",Doğru,
test-01509,email-enronsent09_02-0008,CORRECT,I think it will help me very much in my role.,I think it will help me very much in my role.,Doğru,
test-00813,reviews-313126-0002,CORRECT,"However, I did not find her very helpful and her receptionist was rude.","However, I did not find her very helpful and her receptionist was rude.",Doğru,
test-01665,reviews-227605-0001,CORRECT,"Good local steakhouse, I recommend it!","Good local steakhouse, I recommend it!",Doğru,Headline-style fragment without article; kept as correct (borderline)
test-00425,email-enronsent32_02-0008,CORRECT,The goal is for him to move on with his life and for us to move on as well.,The goal is for him to move on with his life and for us to move on as well.,Doğru,
test-00052,weblog-juancole.com_juancole_20041018060600_ENG_20041018_060600-0016,CORRECT,"(Most Salafis are not militant or violent, though they tend to be rather narrow-minded in my experience, on the order of Protestant Pietists).","(Most Salafis are not militant or violent, though they tend to be rather narrow-minded in my experience, on the order of Protestant Pietists).",Doğru,
test-00865,email-enronsent32_01-0034,CORRECT,We plan to use the same basic form for the Enron guaranty that will be made in favor of EPMI with respect to the seller's obligations under the PPA.,We plan to use the same basic form for the Enron guaranty that will be made in favor of EPMI with respect to the seller's obligations under the PPA.,Doğru,
test-01487,email-enronsent23_06-0003,CORRECT,i must have had you messed up with some other girl i made the bet with.,i must have had you messed up with some other girl i made the bet with.,Doğru,
test-01807,answers-20111107200249AAIyCy5_ans-0003,CORRECT,Michelangelo made the marble one but why did he do another if Donatello had already made one?,Michelangelo made the marble one but why did he do another if Donatello had already made one?,Doğru,
test-00208,weblog-blogspot.com_marketview_20060625150800_ENG_20060625_150800-0013,CORRECT,He mentions his wife's death having an effect on him.,He mentions his wife's death having an effect on him.,Doğru,
test-00040,answers-20111108083559AAp6Jfq_ans-0006,CORRECT,have a look at sony wx10,have a look at sony wx10,Doğru,
test-00732,email-enronsent04_01-0026,CORRECT,"I've thought about you a few times in the last few months, didn't want to intrude upon an already bad situation with my bullshit questions.","I've thought about you a few times in the last few months, didn't want to intrude upon an already bad situation with my bullshit questions.",Doğru,
test-00331,newsgroup-groups.google.com_JokeEruption_df151b356f94881c_ENG_20050819_155700-0045,CORRECT,I don't feel old.,I don't feel old.,Doğru,
test-01194,email-enronsent28_01-0016,CORRECT,"At that time, the gurus and geniuses of Wall Street were predicting a 250 Dow and many were talking openly about the end of capitalism.","At that time, the gurus and geniuses of Wall Street were predicting a 250 Dow and many were talking openly about the end of capitalism.",Doğru,
test-00861,email-enronsent18_02-0005,CORRECT,I have just checked with RAC (David Gorte) and we have a green light to go ahead with the project.,I have just checked with RAC (David Gorte) and we have a green light to go ahead with the project.,Doğru,
test-00332,email-enronsent28_01-0007,CORRECT,The Dow topped out in February of 1966 at 995.,The Dow topped out in February of 1966 at 995.,Doğru,
test-00898,reviews-299169-0003,CORRECT,"When I tried to return it they refused, so I had to leave without a refund and still hungry.","When I tried to return it they refused, so I had to leave without a refund and still hungry.",Doğru,
test-01250,weblog-juancole.com_juancole_20040722101300_ENG_20040722_101300-0006,CORRECT,Of course Bush would have tried to stop 9/11 if he had known it was coming.,Of course Bush would have tried to stop 9/11 if he had known it was coming.,Doğru,
test-01900,weblog-blogspot.com_marketview_20060625150800_ENG_20060625_150800-0001,CORRECT,"Warren Buffett is giving away 85% of his wealth , mostly to the Bill and Melinda Gates Foundation.","Warren Buffett is giving away 85% of his wealth , mostly to the Bill and Melinda Gates Foundation.",Doğru,
test-01874,newsgroup-groups.google.com_JokeEruption_df151b356f94881c_ENG_20050819_155700-0015,CORRECT,Visit people only once a year.,Visit people only once a year.,Doğru,
test-01264,newsgroup-groups.google.com_HarryPotterAppreciationSociety_a3adbf6ac3dc191c_ENG_20050921_061800-0008,SVA,pairing up of harry and ginny are cool,pairing up of harry and ginny is cool,Doğru,
test-01591,reviews-048644-0005,SVA,"The sushi is great, and they has a great selection.","The sushi is great, and they have a great selection.",Doğru,
test-00770,reviews-395640-0002,SVA,It's impossible to understand how this place have survived.,It's impossible to understand how this place has survived.,Doğru,
test-01747,email-enronsent32_02-0003,SVA,I has settled the Ecogas/Enron/Randy Maffett lawsuit.,I have settled the Ecogas/Enron/Randy Maffett lawsuit.,Doğru,
test-00485,newsgroup-groups.google.com_n3td3v_e874a1e5eb995654_ENG_20060120_052200-0004,SVA,Web giant Google is resisting an attempt by the US to force it to reveal what users is searching for.,Web giant Google is resisting an attempt by the US to force it to reveal what users are searching for.,Doğru,
test-00091,answers-20111108104957AAsMzvU_ans-0007,SVA,don't forget to use a calcium supplement twice a week; captive reptiles is prone to calcium deficiency.,don't forget to use a calcium supplement twice a week; captive reptiles are prone to calcium deficiency.,Doğru,
test-00826,reviews-353891-0002,SVA,This place offer a great manicure and pedicure.,This place offers a great manicure and pedicure.,Doğru,
test-01562,answers-20111103205154AAOod9K_ans-0009,SVA,"Most of the deals let you eat for 500ff, and some of the deals is even free.","Most of the deals let you eat for 500ff, and some of the deals are even free.",Doğru,
test-01912,answers-20111106103415AAqdokn_ans-0012,SVA,The latest spot for a real Hackney's are Printers' Row:,The latest spot for a real Hackney's is Printers' Row:,Doğru,
test-00249,answers-20110828235728AAvFDPs_ans-0002,SVA,Here in Indiana I thinks it's like $3 or $4 for a meal.,Here in Indiana I think it's like $3 or $4 for a meal.,Doğru,
test-00058,answers-20111107144434AA0lJDI_ans-0001,SVA,What is some Major land forms in Ireland?,What are some Major land forms in Ireland?,Doğru,
test-00724,email-enronsent29_02-0010,SVA,Stacey here are the Master draft we discussed.,Stacey here is the Master draft we discussed.,Doğru,
test-00317,weblog-blogspot.com_marketview_20050224181500_ENG_20050224_181500-0002,SVA,I'm not fond of the Google-hate-privacy argument,I'm not fond of the Google-hates-privacy argument,Yanlış,Compound modifier 'Google-hate-privacy' reads as acceptable; no clear agreement error (borderline)
test-01225,weblog-juancole.com_juancole_20041018060600_ENG_20041018_060600-0015,SVA,"They is probably especially oriented toward the Salafi school of modern Islamic thought, which has a Protestant-like emphasis on going back to the original practice of the early companions of the Prophet Muhammad.","They are probably especially oriented toward the Salafi school of modern Islamic thought, which has a Protestant-like emphasis on going back to the original practice of the early companions of the Prophet Muhammad.",Doğru,
test-00823,weblog-juancole.com_juancole_20041018060600_ENG_20041018_060600-0013,SVA,"Zarqawi are a Jordanian, and his Monotheism and Holy War group in Afghanistan probably had a distinctive coloration as mainly Jordanian, Palestinian and Syrian.","Zarqawi is a Jordanian, and his Monotheism and Holy War group in Afghanistan probably had a distinctive coloration as mainly Jordanian, Palestinian and Syrian.",Doğru,
test-00322,email-enronsent23_04-0003,SVA,i need to now get a job at house of pies b/c that are the only way to pay the bills.,i need to now get a job at house of pies b/c that is the only way to pay the bills.,Doğru,
test-00892,reviews-346563-0003,SVA,I still has noticeable scarring.,I still have noticeable scarring.,Doğru,
test-01329,email-enronsent32_01-0007,SVA,see you there at 4:00 unless I calls you,see you there at 4:00 unless I call you,Doğru,
test-01978,newsgroup-groups.google.com_hiddennook_1fd8f731ae7ffaa0_ENG_20050214_192900-0012,SVA,"It will be interesting to see whether or not Google will finally slay the Microsoft Goliath, who have known no major defeat and seeks to vanquish all competition.","It will be interesting to see whether or not Google will finally slay the Microsoft Goliath, who has known no major defeat and seeks to vanquish all competition.",Doğru,
test-01945,reviews-290238-0002,SVA,I think this location are no longer in business.,I think this location is no longer in business.,Doğru,
test-01220,answers-20111108104517AAw5v4L_ans-0006,VERB_FORM,I'll chose the one that sounds the best after looking into all the fish :),I'll choose the one that sounds the best after looking into all the fish :),Doğru,
test-01534,answers-20111108111112AAAjhoy_ans-0010,VERB_FORM,or has acquire some type of disease and that too needs to be attended to...,or has acquired some type of disease and that too needs to be attended to...,Doğru,
test-00694,email-enronsent09_02-0007,VERB_FORM,"But let me know if I can spent a day, morning, or even just an afternoon down there with you whenever it is a good time.","But let me know if I can spend a day, morning, or even just an afternoon down there with you whenever it is a good time.",Doğru,
test-01762,email-enronsent23_04-0016,VERB_FORM,i am sure i could have persuaded you to gave me some action.,i am sure i could have persuaded you to give me some action.,Doğru,
test-00427,email-enronsent28_01-0032,VERB_FORM,The results of the February 26th PVT test conducted on Nville have been discuss with each of you over the last three months.,The results of the February 26th PVT test conducted on Nville have been discussed with each of you over the last three months.,Doğru,
test-00081,newsgroup-groups.google.com_alt.animals.cat_003362349f033873_ENG_20040712_077100-0003,VERB_FORM,I started this page to helped with my boredom.,I started this page to help with my boredom.,Doğru,
test-00768,email-enronsent23_05-0002,VERB_FORM,i used to has one.,i used to have one.,Doğru,
test-01507,reviews-060396-0001,VERB_FORM,"The best Thai food I've ever have in Australia, very fresh and so much favor of authentic Thai .","The best Thai food I've ever had in Australia, very fresh and so much favor of authentic Thai .",Doğru,
test-01897,weblog-juancole.com_juancole_20030914114200_ENG_20030914_114200-0008,VERB_FORM,"They know that the American advent implies for them a demotion, and an elevation of the Shiites and Kurds, and they refuse to goes quietly.","They know that the American advent implies for them a demotion, and an elevation of the Shiites and Kurds, and they refuse to go quietly.",Doğru,
test-00221,email-enronsent18_02-0032,VERB_FORM,"In any event, my presentation should gives you a starting point.","In any event, my presentation should give you a starting point.",Doğru,
test-00028,reviews-193257-0002,VERB_FORM,We have utilize Mr. Pozza and his firm twice now in our family and both times have been very pleased.,We have utilized Mr. Pozza and his firm twice now in our family and both times have been very pleased.,Doğru,
test-00641,newsgroup-groups.google.com_hiddennook_88969236563fa748_ENG_20050215_173600-0006,VERB_FORM,"""Our plans include raising private capital to develops, build, flight test, and operate this Earth-Moon highway for the benefit of the country and the benefit of our investors.""","""Our plans include raising private capital to develop, build, flight test, and operate this Earth-Moon highway for the benefit of the country and the benefit of our investors.""",Doğru,
test-00316,reviews-118679-0003,VERB_FORM,The employees don't really seem to enjoys what they are doing and it shows.,The employees don't really seem to enjoy what they are doing and it shows.,Doğru,
test-01197,newsgroup-groups.google.com_jokecity_0566f0ba3b5f748f_ENG_20051125_240500-0011,VERB_FORM,"In a timid voice, he says: ""If an airplane carrying Winston Peters was blow up by a bomb, THAT would be a tragedy"".","In a timid voice, he says: ""If an airplane carrying Winston Peters was blown up by a bomb, THAT would be a tragedy"".",Doğru,
test-00753,weblog-juancole.com_juancole_20040722101300_ENG_20040722_101300-0035,VERB_FORM,"Look at a map and you try to figures out how, in fall of 1999, you could possibly pull off such an operation without Pakistani facilities.","Look at a map and you try to figure out how, in fall of 1999, you could possibly pull off such an operation without Pakistani facilities.",Doğru,
test-00319,email-enronsent21_02-0028,VERB_FORM,The deals are list below.,The deals are listed below.,Doğru,
test-00818,answers-20111107155845AAE3kCA_ans-0007,VERB_FORM,"I doubt you will gets a sensible answer in the ""TRAVEL"" section.","I doubt you will get a sensible answer in the ""TRAVEL"" section.",Doğru,
test-01297,answers-20111107214231AA68BMD_ans-0001,VERB_FORM,Has anyone ever work for steiner leisure cruises?,Has anyone ever worked for steiner leisure cruises?,Doğru,
test-01989,email-enronsent28_01-0033,VERB_FORM,"As we have discussed....effective Sep 13th, Anita will makes the adjustments to Enron's inventory and pad gas to reflect the February 26th results.","As we have discussed....effective Sep 13th, Anita will make the adjustments to Enron's inventory and pad gas to reflect the February 26th results.",Doğru,
test-01951,newsgroup-groups.google.com_JokeEruption_df151b356f94881c_ENG_20050819_155700-0023,VERB_FORM,I should have ask for a jury.,I should have asked for a jury.,Doğru,
test-01106,weblog-blogspot.com_floppingaces_20050313182621_ENG_20050313_182621-0014,DET,"This is the organization that bombed our Marine barracks in 1983, took Americans hostage throughout the 80's and now they should be considered an legitimate organization?","This is the organization that bombed our Marine barracks in 1983, took Americans hostage throughout the 80's and now they should be considered a legitimate organization?",Doğru,
test-01511,reviews-346074-0001,DET,Did an great job of removing my tree in Conyers.,Did a great job of removing my tree in Conyers.,Doğru,
test-00643,newsgroup-groups.google.com_JokeEruption_df151b356f94881c_ENG_20050819_155700-0042,DET,Youth would be ideal state if it came a little later in life.,Youth would be an ideal state if it came a little later in life.,Doğru,
test-01657,email-enronsent21_02-0022,DET,"For those of you who already sent us a RSVP response recently, please disregard.","For those of you who already sent us an RSVP response recently, please disregard.",Doğru,
test-00396,answers-20111108104517AAw5v4L_ans-0010,DET,for tank that size i would suggest oscars or piranha every time awesome fish!!,for a tank that size i would suggest oscars or piranha every time awesome fish!!,Doğru,"Article missing; informal style, still counted as DET error"
test-00067,email-enronsent32_01-0052,DET,Here is revised draft of the CDWR risk memo.,Here is a revised draft of the CDWR risk memo.,Doğru,"Article missing; informal style, still counted as DET error"
test-00703,answers-20111106103415AAqdokn_ans-0009,DET,Hackney's has an great burger formula that started about 80 years ago.,Hackney's has a great burger formula that started about 80 years ago.,Doğru,
test-01465,weblog-blogspot.com_aggressivevoicedaily_20060629164800_ENG_20060629_164800-0007,DET,"THOMAS filed an dissenting opinion, in which SCALIA joined, and in which ALITO joined as to all but Parts I, II-C-1, and III-B-2.","THOMAS filed a dissenting opinion, in which SCALIA joined, and in which ALITO joined as to all but Parts I, II-C-1, and III-B-2.",Doğru,
test-01820,newsgroup-groups.google.com_hiddennook_f50294175d32a8ac_ENG_20041120_152800-0004,DET,China has been an great help at getting North Korea to the table and Bush is hoping that with their cooperation Korea can become a nuclear free peninsula.,China has been a great help at getting North Korea to the table and Bush is hoping that with their cooperation Korea can become a nuclear free peninsula.,Doğru,
test-00220,reviews-268952-0002,DET,I have been going there since I was little girl and love the friendly and relaxing atmosphere.,I have been going there since I was a little girl and love the friendly and relaxing atmosphere.,Doğru,
test-00038,answers-20110320195750AAkPbFG_ans-0004,DET,"Okay, FIRST, you have posted question about an American movie, set in Mexico, in the Dining Out in Argentina category.","Okay, FIRST, you have posted a question about an American movie, set in Mexico, in the Dining Out in Argentina category.",Doğru,
test-00584,newsgroup-groups.google.com_HumorUniversity_00dd93cc9545deb3_ENG_20051130_122700-0005,DET,Have an Nice Day* **,Have a Nice Day* **,Doğru,
test-00298,newsgroup-groups.google.com_GUHarryPotterReaders_75faa7d55aff9230_ENG_20050715_234000-0001,DET,I just finish reading an really good book (it was actually a ebook) from some new series called the The Tale of Terra.,I just finish reading a really good book (it was actually a ebook) from some new series called the The Tale of Terra.,Doğru,
test-01083,reviews-363482-0002,DET,"How do you run an cafe, with no refills on coffee-?","How do you run a cafe, with no refills on coffee-?",Doğru,
test-00698,reviews-251755-0004,DET,"She is always so busy, too, which is an good indication of her talent.","She is always so busy, too, which is a good indication of her talent.",Doğru,
test-00299,newsgroup-groups.google.com_CognitiveScienceNews_05a0175fc6ece48b_ENG_20050828_091900-0003,DET,"""Inhibitory systems are essential for controlling the pattern of activity in the cortex, which has important implications for the mechanisms of cortical operation, according to an Yale School of Medicine study in Neuron....","""Inhibitory systems are essential for controlling the pattern of activity in the cortex, which has important implications for the mechanisms of cortical operation, according to a Yale School of Medicine study in Neuron....",Doğru,
test-00764,answers-20111108105137AA9BNtk_ans-0004,DET,"I would prefer simple, fitted black one.","I would prefer a simple, fitted black one.",Doğru,"Article missing; informal style, still counted as DET error"
test-01182,answers-20111107163942AA08rP5_ans-0001,DET,Name something you find at an carnival that comes on a stick?,Name something you find at a carnival that comes on a stick?,Doğru,
test-01996,newsgroup-groups.google.com_jokecity_0566f0ba3b5f748f_ENG_20051125_240500-0004,DET,"""No,"" Winston says, ""That would be ACCIDENT.""","""No,"" Winston says, ""That would be an ACCIDENT.""",Doğru,
test-01962,weblog-blogspot.com_marketview_20050511222700_ENG_20050511_222700-0006,DET,Is that money maker?,Is that a money maker?,Doğru,"Article missing; informal style, still counted as DET error"
test-01351,reviews-223040-0001,NOUN_NUM,I love this places lots of people to talk to and school is across the street!,I love this place lots of people to talk to and school is across the street!,Doğru,
test-01629,reviews-325741-0002,NOUN_NUM,It was late in the day and I was worried I would get charged an arms and a leg and have to wait forever.,It was late in the day and I was worried I would get charged an arm and a leg and have to wait forever.,Doğru,
test-00878,answers-20111108084149AAbQBhq_ans-0001,NOUN_NUM,Can police trace a cell phones even if it is switched off?,Can police trace a cell phone even if it is switched off?,Doğru,
test-01720,newsgroup-groups.google.com_JokeEruption_df151b356f94881c_ENG_20050819_155700-0015,NOUN_NUM,Visit people only once a years.,Visit people only once a year.,Doğru,
test-00501,email-enronsent09_02-0043,NOUN_NUM,"If you want to pass this web site addresses along to other folks, feel free.","If you want to pass this web site address along to other folks, feel free.",Doğru,
test-00085,weblog-blogspot.com_aggressivevoicedaily_20060811122000_ENG_20060811_122000-0003,NOUN_NUM,"U.S. Muslim groups criticized President Bush on Thursday for calling a foiled plot to blow up airplanes part of a ""wars with Islamic fascists,"" saying the term could inflame anti-Muslim tensions.","U.S. Muslim groups criticized President Bush on Thursday for calling a foiled plot to blow up airplanes part of a ""war with Islamic fascists,"" saying the term could inflame anti-Muslim tensions.",Doğru,
test-00950,email-enronsent18_01-0009,NOUN_NUM,The credit guys are currently assuming that there is no correlation and may consequently be double dipping the credit reserve on this bases too.,The credit guys are currently assuming that there is no correlation and may consequently be double dipping the credit reserve on this basis too.,Doğru,
test-01614,email-enronsent18_02-0021,NOUN_NUM,We discussed a few days ago a consulting arrangements with Prof. Sheridan Titman from UT.,We discussed a few days ago a consulting arrangement with Prof. Sheridan Titman from UT.,Doğru,
test-01896,newsgroup-groups.google.com_chantonline_3e01677617c74720_ENG_20060112_102000-0006,NOUN_NUM,I'm hoping to build this up to be a hub for all the campaigners - a places where people can exchange ideas and advice.,I'm hoping to build this up to be a hub for all the campaigners - a place where people can exchange ideas and advice.,Doğru,
test-00252,answers-20111107082312AAPNaxb_ans-0002,NOUN_NUM,"I have a friend out in Chicago this week, and I am trying to remember the name of an awesome hibachi style restaurants i visited while out there a couple years ago.","I have a friend out in Chicago this week, and I am trying to remember the name of an awesome hibachi style restaurant i visited while out there a couple years ago.",Doğru,
test-00035,reviews-325330-0002,NOUN_NUM,Overpriced and the doctor acted arrogant and rushed at a times when there was very few clients in the facility.,Overpriced and the doctor acted arrogant and rushed at a time when there was very few clients in the facility.,Doğru,
test-00806,weblog-blogspot.com_floppingaces_20041126180010_ENG_20041126_180010-0008,NOUN_NUM,You have to see these slide....they are amazing.,You have to see these slides....they are amazing.,Doğru,
test-00385,email-enronsent23_07-0005,NOUN_NUM,i had a blast that nights.,i had a blast that night.,Doğru,
test-01317,weblog-juancole.com_juancole_20040722101300_ENG_20040722_101300-0004,NOUN_NUM,"Bush came out today and said that if he had known what was coming, he would have expended every efforts to stop it, and that so would have Clinton.","Bush came out today and said that if he had known what was coming, he would have expended every effort to stop it, and that so would have Clinton.",Doğru,
test-00943,reviews-126086-0001,NOUN_NUM,"I like I Move CA - Los Angeles Movers, they moved me before, but this times they were awesome :)","I like I Move CA - Los Angeles Movers, they moved me before, but this time they were awesome :)",Doğru,
test-00392,weblog-juancole.com_juancole_20040722101300_ENG_20040722_101300-0035,NOUN_NUM,"Look at a map and you try to figure out how, in fall of 1999, you could possibly pull off such an operations without Pakistani facilities.","Look at a map and you try to figure out how, in fall of 1999, you could possibly pull off such an operation without Pakistani facilities.",Doğru,
test-00973,weblog-juancole.com_juancole_20041018060600_ENG_20041018_060600-0008,NOUN_NUM,"Al-Qaeda in Afghanistan was a groups of only a few hundred ""Afghan Arabs"" who pledged personal loyalty to Usamah Bin Laden.","Al-Qaeda in Afghanistan was a group of only a few hundred ""Afghan Arabs"" who pledged personal loyalty to Usamah Bin Laden.",Doğru,
test-01415,answers-20111107163942AA08rP5_ans-0001,NOUN_NUM,Name something you find at a carnival that comes on a sticks?,Name something you find at a carnival that comes on a stick?,Doğru,
test-02000,answers-20111108104957AAsMzvU_ans-0006,NOUN_NUM,A pacman frog will need a heat source that creates a basking temp in the upper 80's F for at least 10 - 12 hours a days.,A pacman frog will need a heat source that creates a basking temp in the upper 80's F for at least 10 - 12 hours a day.,Doğru,
test-01976,email-enronsent18_02-0062,NOUN_NUM,I have called Mark Lay and left a messages on his voice mail.,I have called Mark Lay and left a message on his voice mail.,Doğru,
test-01365,email-enronsent32_02-0008,PREP,The goal is for him to move on of his life and for us to move on as well.,The goal is for him to move on with his life and for us to move on as well.,Doğru,
test-01639,answers-20111108075412AA4d7Up_ans-0004,PREP,You should really ask this with the art section.,You should really ask this in the art section.,Doğru,
test-00812,reviews-245928-0003,PREP,They are especially rude of women.,They are especially rude to women.,Doğru,
test-01732,weblog-blogspot.com_aggressivevoicedaily_20060629164800_ENG_20060629_164800-0004,PREP,"BREYER filed a concurring opinion, by which KENNEDY, SOUTER, and GINSBURG joined.","BREYER filed a concurring opinion, in which KENNEDY, SOUTER, and GINSBURG joined.",Doğru,
test-00437,newsgroup-groups.google.com_n3td3v_e874a1e5eb995654_ENG_20060120_052200-0007,PREP,"Choose the news and sport headlines you want - when you want them, all at one daily e-mail","Choose the news and sport headlines you want - when you want them, all in one daily e-mail",Doğru,
test-00070,reviews-200668-0002,PREP,"The staff at Allentown are friendly, helpful and a delight to know..","The staff in Allentown are friendly, helpful and a delight to know..",Yanlış,'The staff at Allentown' is natural English; preposition swap left the sentence correct
test-00847,reviews-059655-0001,PREP,the team for barton car wash was very friendly .,the team at barton car wash was very friendly .,Yanlış,'the team for barton car wash' is grammatical; preposition swap left the sentence acceptable (borderline)
test-01610,email-enronsent09_02-0008,PREP,I think it will help me very much of my role.,I think it will help me very much in my role.,Doğru,
test-01879,answers-20090717131703AARh8u2_ans-0002,PREP,"Well, they have a variety with sports that they play like basketball, soccer, etc.","Well, they have a variety of sports that they play like basketball, soccer, etc.",Doğru,
test-00269,answers-20111108104957AAsMzvU_ans-0003,PREP,I assume you are talking on a pacman frog.,I assume you are talking about a pacman frog.,Doğru,
test-00029,email-enronsent32_01-0052,PREP,Here is a revised draft by the CDWR risk memo.,Here is a revised draft of the CDWR risk memo.,Doğru,'draft by the ... memo' is odd (a memo is not an author); counted as error (borderline)
test-00737,email-enronsent18_02-0005,PREP,I have just checked at RAC (David Gorte) and we have a green light to go ahead with the project.,I have just checked with RAC (David Gorte) and we have a green light to go ahead with the project.,Doğru,
test-00339,reviews-389298-0004,PREP,I highly recommend Garage Pros about my friends.,I highly recommend Garage Pros to my friends.,Doğru,
test-01347,newsgroup-groups.google.com_hiddennook_88969236563fa748_ENG_20050215_173600-0013,PREP,"With their proposal to a ""Earth-Moon"" highway, it looks like space tourism may become a reality sooner than we think.","With their proposal of a ""Earth-Moon"" highway, it looks like space tourism may become a reality sooner than we think.",Doğru,'proposal to a ... highway' is odd; counted as error (borderline)
test-00843,answers-20111107082312AAPNaxb_ans-0002,PREP,"I have a friend out at Chicago this week, and I am trying to remember the name of an awesome hibachi style restaurant i visited while out there a couple years ago.","I have a friend out in Chicago this week, and I am trying to remember the name of an awesome hibachi style restaurant i visited while out there a couple years ago.",Doğru,'out at Chicago' is non-standard for a city (usual: 'in'); counted as error (borderline)
test-00350,answers-20111108064636AAvIKDE_ans-0001,PREP,What do you think by Air France?,What do you think of Air France?,Doğru,
test-00880,newsgroup-groups.google.com_n3td3v_e874a1e5eb995654_ENG_20060120_052200-0002,PREP,n3td3v saw this story to BBC News Online and thought you should see it.,n3td3v saw this story on BBC News Online and thought you should see it.,Doğru,
test-01441,weblog-blogspot.com_aggressivevoicedaily_20060811122000_ENG_20060811_122000-0001,PREP,President Bush pinched a few nerves yesterday with his choice from words:,President Bush pinched a few nerves yesterday with his choice of words:,Doğru,
test-02024,reviews-294978-0002,PREP,"It's a fine place, I'm just a little mystified on the Michelin star.","It's a fine place, I'm just a little mystified about the Michelin star.",Doğru,
test-01983,weblog-juancole.com_juancole_20041018060600_ENG_20041018_060600-0018,PREP,"Another worrisome sign is that local Iraqi Sunni fundamentalists opposed from the US presence in Iraq have begun joining Monotheism and Holy War, and wearing its distinctive orange and black insignia.","Another worrisome sign is that local Iraqi Sunni fundamentalists opposed to the US presence in Iraq have begun joining Monotheism and Holy War, and wearing its distinctive orange and black insignia.",Doğru,
test-01350,reviews-048644-0005,WORD_ORDER,"The sushi is great, and they have a selection great.","The sushi is great, and they have a great selection.",Doğru,
test-01689,weblog-blogspot.com_aggressivevoicedaily_20060811122000_ENG_20060811_122000-0041,WORD_ORDER,"Folks, if it's Islamic, and fascist, it's an fascist Islamic.","Folks, if it's Islamic, and fascist, it's an Islamic fascist.",Doğru,
test-00810,weblog-blogspot.com_floppingaces_20050313182621_ENG_20050313_182621-0008,WORD_ORDER,"The media routinely obscures the lines between terrorism and resistance legitimate, as the recent article by Daniel Okrent of The New York Times demonstrates .","The media routinely obscures the lines between terrorism and legitimate resistance, as the recent article by Daniel Okrent of The New York Times demonstrates .",Doğru,
test-01789,reviews-169610-0003,WORD_ORDER,Her flexibility and accessibility made for an closing easy.,Her flexibility and accessibility made for an easy closing.,Doğru,
test-00368,email-enronsent18_02-0070,WORD_ORDER,Please confidentially share matters as you think best and advise me of interest the generated.,Please confidentially share matters as you think best and advise me of the interest generated.,Doğru,
test-00057,email-enronsent18_02-0066,WORD_ORDER,Your suggestion to introduce concept the discussed with one of the Lays is welcomed.,Your suggestion to introduce the concept discussed with one of the Lays is welcomed.,Doğru,
test-00882,answers-20111103205154AAOod9K_ans-0004,WORD_ORDER,"I just want a simple way to get a good deal to Restaurant whatever I want, whenever I want.","I just want a simple way to get a good deal to whatever Restaurant I want, whenever I want.",Doğru,
test-01651,weblog-juancole.com_juancole_20040722101300_ENG_20040722_101300-0013,WORD_ORDER,"Even after attacks the on September 11, Bush was obsessing about Iraq.","Even after the attacks on September 11, Bush was obsessing about Iraq.",Doğru,
test-01889,answers-20111108044917AALAHtc_ans-0002,WORD_ORDER,could not find info any online,could not find any info online,Doğru,
test-00213,reviews-216281-0002,WORD_ORDER,I called over weekend the due to clogged kitchen sink.,I called over the weekend due to clogged kitchen sink.,Doğru,
test-00036,reviews-252791-0003,WORD_ORDER,"I had to dig in a bag to find one feather nice, what a joke!","I had to dig in a bag to find one nice feather, what a joke!",Doğru,
test-00748,reviews-130216-0001,WORD_ORDER,Service fast Called them one hour ago and they just left my house five minutes ago.,Fast Service Called them one hour ago and they just left my house five minutes ago.,Doğru,
test-00284,newsgroup-groups.google.com_alt.animals.cat_0f877e44e3521d27_ENG_20040131_084700-0005,WORD_ORDER,PS - we also have cats more coming in for re-homing see our 'Homes Wanted' page,PS - we also have more cats coming in for re-homing see our 'Homes Wanted' page,Doğru,
test-01307,reviews-251755-0002,WORD_ORDER,Susanna is the best dress maker/tailor I've ever come across in my life whole!,Susanna is the best dress maker/tailor I've ever come across in my whole life!,Doğru,
test-00874,answers-20111107164802AAq8nhF_ans-0005,WORD_ORDER,They chased the Communists out of capital the (Hanoi) and retook control.,They chased the Communists out of the capital (Hanoi) and retook control.,Doğru,
test-00289,answers-20111106103415AAqdokn_ans-0004,WORD_ORDER,Onion Rings are great and fries the are endless.,Onion Rings are great and the fries are endless.,Doğru,
test-00915,email-enronsent04_01-0022,WORD_ORDER,You'll be able to use your 1-4 years of experience with Tort Toxic to complement your desire to stay with the firm.,You'll be able to use your 1-4 years of experience with Toxic Tort to complement your desire to stay with the firm.,Doğru,
test-01430,answers-20111108064636AAvIKDE_ans-0005,WORD_ORDER,Plus you land in a terminal preferential...,Plus you land in a preferential terminal...,Doğru,
test-01965,newsgroup-groups.google.com_jokecity_0566f0ba3b5f748f_ENG_20051125_240500-0007,WORD_ORDER,"""I'm afraid not, ""explains Winston, ""that is what we would call a LOSS GREAT.""","""I'm afraid not, ""explains Winston, ""that is what we would call a GREAT LOSS.""",Doğru,
test-01946,reviews-186235-0001,WORD_ORDER,"wow, representative the went way above and beyond in helping me with my account set up.","wow, the representative went way above and beyond in helping me with my account set up.",Doğru,
